orderlineid,zipcode,PRODUCTGROUPNAME,state,Ventes_par_d√©partement
1010877,97504,OCCASION,OR,105880.48999999915
1011224,97221,BOOK,OR,105880.48999999915
1011259,97210,BOOK,OR,105880.48999999915
1011312,97222,ARTWORK,OR,105880.48999999915
1000326,97201,ARTWORK,OR,105880.48999999915
1000419,97214,BOOK,OR,105880.48999999915
1000456,97201,ARTWORK,OR,105880.48999999915
1001173,97401,BOOK,OR,105880.48999999915
1001439,97212,ARTWORK,OR,105880.48999999915
1001440,97212,BOOK,OR,105880.48999999915
1001441,97212,CALENDAR,OR,105880.48999999915
1001660,97210,ARTWORK,OR,105880.48999999915
1001933,97204,OCCASION,OR,105880.48999999915
1001934,97204,ARTWORK,OR,105880.48999999915
1002342,97202,OCCASION,OR,105880.48999999915
1002343,97202,OCCASION,OR,105880.48999999915
1002344,97202,BOOK,OR,105880.48999999915
1002345,97202,BOOK,OR,105880.48999999915
1002352,97330,BOOK,OR,105880.48999999915
1002533,97215,BOOK,OR,105880.48999999915
1002534,97215,BOOK,OR,105880.48999999915
1012664,97403,BOOK,OR,105880.48999999915
1002878,97209,ARTWORK,OR,105880.48999999915
1002887,97212,OCCASION,OR,105880.48999999915
1002888,97212,BOOK,OR,105880.48999999915
1002889,97212,BOOK,OR,105880.48999999915
1002890,97212,BOOK,OR,105880.48999999915
1002934,97306,BOOK,OR,105880.48999999915
1003060,97225,BOOK,OR,105880.48999999915
1003255,97019,BOOK,OR,105880.48999999915
1003341,97303,BOOK,OR,105880.48999999915
1003434,97201,CALENDAR,OR,105880.48999999915
1003885,97420,BOOK,OR,105880.48999999915
1003886,97420,BOOK,OR,105880.48999999915
1003887,97420,BOOK,OR,105880.48999999915
1004066,97231,ARTWORK,OR,105880.48999999915
1004067,97231,BOOK,OR,105880.48999999915
1004068,97376,BOOK,OR,105880.48999999915
1004155,97209,BOOK,OR,105880.48999999915
1004347,97302,ARTWORK,OR,105880.48999999915
1004402,97221,ARTWORK,OR,105880.48999999915
1004538,97211,ARTWORK,OR,105880.48999999915
1004639,97209,ARTWORK,OR,105880.48999999915
1004820,97202,ARTWORK,OR,105880.48999999915
1005218,97201,ARTWORK,OR,105880.48999999915
1005428,97219,BOOK,OR,105880.48999999915
1005429,97219,BOOK,OR,105880.48999999915
1005683,97035,ARTWORK,OR,105880.48999999915
1005684,97035,ARTWORK,OR,105880.48999999915
1006687,97201,OCCASION,OR,105880.48999999915
1006688,97201,OCCASION,OR,105880.48999999915
1007387,97210,BOOK,OR,105880.48999999915
1013299,97206,ARTWORK,OR,105880.48999999915
1013501,97212,ARTWORK,OR,105880.48999999915
1013507,97223,OCCASION,OR,105880.48999999915
1013794,97465,BOOK,OR,105880.48999999915
1013966,97225,BOOK,OR,105880.48999999915
1013967,97225,BOOK,OR,105880.48999999915
1014509,97201,BOOK,OR,105880.48999999915
1007953,97035,BOOK,OR,105880.48999999915
1007954,97035,ARTWORK,OR,105880.48999999915
1007955,97035,ARTWORK,OR,105880.48999999915
1008624,97201,OTHER,OR,105880.48999999915
1008892,97201,OCCASION,OR,105880.48999999915
1009550,97212,BOOK,OR,105880.48999999915
1009708,97221,OCCASION,OR,105880.48999999915
1009709,97221,ARTWORK,OR,105880.48999999915
1009810,97034,BOOK,OR,105880.48999999915
1010303,97034,BOOK,OR,105880.48999999915
1010432,9713,OCCASION,OR,105880.48999999915
1010457,97225,ARTWORK,OR,105880.48999999915
1014526,97219,BOOK,OR,105880.48999999915
1015016,97007,ARTWORK,OR,105880.48999999915
1015344,97204,ARTWORK,OR,105880.48999999915
1015867,97201,ARTWORK,OR,105880.48999999915
1016448,97383,OCCASION,OR,105880.48999999915
1016576,97520,OCCASION,OR,105880.48999999915
1017281,97210,BOOK,OR,105880.48999999915
1017545,97006,ARTWORK,OR,105880.48999999915
1017546,97006,ARTWORK,OR,105880.48999999915
1018591,97229,OCCASION,OR,105880.48999999915
1018904,97034,OCCASION,OR,105880.48999999915
1018905,97034,OCCASION,OR,105880.48999999915
1019440,97229,BOOK,OR,105880.48999999915
1019776,97330,ARTWORK,OR,105880.48999999915
1019812,97225,OTHER,OR,105880.48999999915
1020374,97149,CALENDAR,OR,105880.48999999915
1020375,97149,ARTWORK,OR,105880.48999999915
1020377,97229,ARTWORK,OR,105880.48999999915
1021187,97103,BOOK,OR,105880.48999999915
1021320,97304,ARTWORK,OR,105880.48999999915
1021321,97304,BOOK,OR,105880.48999999915
1021705,97232,OCCASION,OR,105880.48999999915
1021706,97232,BOOK,OR,105880.48999999915
1021707,97232,BOOK,OR,105880.48999999915
1021708,97232,BOOK,OR,105880.48999999915
1021741,97232,BOOK,OR,105880.48999999915
1021742,97232,BOOK,OR,105880.48999999915
1021743,97232,BOOK,OR,105880.48999999915
1021744,97232,BOOK,OR,105880.48999999915
1021745,97232,BOOK,OR,105880.48999999915
1022076,97213,BOOK,OR,105880.48999999915
1022209,97006,BOOK,OR,105880.48999999915
1022401,97201,OCCASION,OR,105880.48999999915
1022453,97210,ARTWORK,OR,105880.48999999915
1022465,97210,BOOK,OR,105880.48999999915
1022466,97210,ARTWORK,OR,105880.48999999915
1022518,97212,OCCASION,OR,105880.48999999915
1023581,97205,ARTWORK,OR,105880.48999999915
1023913,97214,BOOK,OR,105880.48999999915
1024261,97034,BOOK,OR,105880.48999999915
1024507,97232,BOOK,OR,105880.48999999915
1025767,97210,BOOK,OR,105880.48999999915
1026261,97225,ARTWORK,OR,105880.48999999915
1026598,97034,BOOK,OR,105880.48999999915
1027274,97201,BOOK,OR,105880.48999999915
1027535,97212,BOOK,OR,105880.48999999915
1027704,97219,OCCASION,OR,105880.48999999915
1028099,97221,BOOK,OR,105880.48999999915
1028271,97201,BOOK,OR,105880.48999999915
1028394,97221,BOOK,OR,105880.48999999915
1028395,97221,BOOK,OR,105880.48999999915
1028452,97204,ARTWORK,OR,105880.48999999915
1028809,97204,ARTWORK,OR,105880.48999999915
1029287,97202,OTHER,OR,105880.48999999915
1029778,97128,ARTWORK,OR,105880.48999999915
1030452,97068,ARTWORK,OR,105880.48999999915
1030749,97229,BOOK,OR,105880.48999999915
1030750,97229,BOOK,OR,105880.48999999915
1031113,97203,BOOK,OR,105880.48999999915
1031171,97210,BOOK,OR,105880.48999999915
1031222,97070,BOOK,OR,105880.48999999915
1031577,97203,BOOK,OR,105880.48999999915
1031654,97478,ARTWORK,OR,105880.48999999915
1032248,97201,BOOK,OR,105880.48999999915
1032630,97006,BOOK,OR,105880.48999999915
1033000,97477,BOOK,OR,105880.48999999915
1033001,97477,ARTWORK,OR,105880.48999999915
1033002,97477,BOOK,OR,105880.48999999915
1033138,97229,ARTWORK,OR,105880.48999999915
1034437,97223,BOOK,OR,105880.48999999915
1035197,97218,BOOK,OR,105880.48999999915
1035233,97201,BOOK,OR,105880.48999999915
1035380,97201,BOOK,OR,105880.48999999915
1035657,97201,BOOK,OR,105880.48999999915
1035735,97221,BOOK,OR,105880.48999999915
1035900,97219,BOOK,OR,105880.48999999915
1036333,97213,OCCASION,OR,105880.48999999915
1036557,97201,BOOK,OR,105880.48999999915
1036577,97504,ARTWORK,OR,105880.48999999915
1036578,97504,BOOK,OR,105880.48999999915
1036579,97504,ARTWORK,OR,105880.48999999915
1036606,97520,BOOK,OR,105880.48999999915
1037046,97206,BOOK,OR,105880.48999999915
1037520,97015,ARTWORK,OR,105880.48999999915
1037820,97520,ARTWORK,OR,105880.48999999915
1037912,97420,ARTWORK,OR,105880.48999999915
1038400,97212,BOOK,OR,105880.48999999915
1038827,97201,BOOK,OR,105880.48999999915
1039206,97202,ARTWORK,OR,105880.48999999915
1040076,97487,ARTWORK,OR,105880.48999999915
1040247,97202,ARTWORK,OR,105880.48999999915
1040450,97223,ARTWORK,OR,105880.48999999915
1040531,97219,BOOK,OR,105880.48999999915
1040682,97405,OCCASION,OR,105880.48999999915
1040683,97405,OCCASION,OR,105880.48999999915
1040777,97027,ARTWORK,OR,105880.48999999915
1040831,97403,BOOK,OR,105880.48999999915
1041021,97035,ARTWORK,OR,105880.48999999915
1041064,97229,ARTWORK,OR,105880.48999999915
1041065,97229,ARTWORK,OR,105880.48999999915
1041221,97035,ARTWORK,OR,105880.48999999915
1041222,97035,BOOK,OR,105880.48999999915
1041224,97212,BOOK,OR,105880.48999999915
1041225,97212,BOOK,OR,105880.48999999915
1041229,97212,BOOK,OR,105880.48999999915
1042271,97201,OCCASION,OR,105880.48999999915
1042411,97211,ARTWORK,OR,105880.48999999915
1042446,97211,OCCASION,OR,105880.48999999915
1042586,97219,OCCASION,OR,105880.48999999915
1042708,97030,BOOK,OR,105880.48999999915
1042717,97034,OCCASION,OR,105880.48999999915
1042912,97701,ARTWORK,OR,105880.48999999915
1043088,97201,ARTWORK,OR,105880.48999999915
1043434,97210,BOOK,OR,105880.48999999915
1043435,97210,BOOK,OR,105880.48999999915
1043588,97204,BOOK,OR,105880.48999999915
1044424,97232,ARTWORK,OR,105880.48999999915
1044796,97225,ARTWORK,OR,105880.48999999915
1044860,97221,ARTWORK,OR,105880.48999999915
1044868,97504,BOOK,OR,105880.48999999915
1044869,97504,BOOK,OR,105880.48999999915
1045082,97220,OCCASION,OR,105880.48999999915
1045192,97225,OCCASION,OR,105880.48999999915
1045228,97225,OCCASION,OR,105880.48999999915
1045416,97006,ARTWORK,OR,105880.48999999915
1045578,97221,BOOK,OR,105880.48999999915
1045579,97221,BOOK,OR,105880.48999999915
1045591,97221,BOOK,OR,105880.48999999915
1045655,97210,ARTWORK,OR,105880.48999999915
1045656,97210,BOOK,OR,105880.48999999915
1045713,97124,ARTWORK,OR,105880.48999999915
1045714,97124,OCCASION,OR,105880.48999999915
1046237,97007,ARTWORK,OR,105880.48999999915
1046790,97201,OCCASION,OR,105880.48999999915
1047075,97225,BOOK,OR,105880.48999999915
1047240,97405,OCCASION,OR,105880.48999999915
1047837,97219,BOOK,OR,105880.48999999915
1047970,97405,ARTWORK,OR,105880.48999999915
1047982,97405,ARTWORK,OR,105880.48999999915
1048351,97219,BOOK,OR,105880.48999999915
1048352,97219,BOOK,OR,105880.48999999915
1048626,97006,BOOK,OR,105880.48999999915
1048895,97225,BOOK,OR,105880.48999999915
1049058,97223,BOOK,OR,105880.48999999915
1049332,97002,CALENDAR,OR,105880.48999999915
1049763,97221,BOOK,OR,105880.48999999915
1050193,97601,CALENDAR,OR,105880.48999999915
1050506,97201,BOOK,OR,105880.48999999915
1050717,97035,OCCASION,OR,105880.48999999915
1051226,97208,BOOK,OR,105880.48999999915
1051407,97219,BOOK,OR,105880.48999999915
1051639,97201,BOOK,OR,105880.48999999915
1051675,97302,BOOK,OR,105880.48999999915
1051854,97202,BOOK,OR,105880.48999999915
1051987,97219,BOOK,OR,105880.48999999915
1052086,97225,BOOK,OR,105880.48999999915
1052173,97123,BOOK,OR,105880.48999999915
1052647,97305,OCCASION,OR,105880.48999999915
1052681,97070,BOOK,OR,105880.48999999915
1052893,97520,CALENDAR,OR,105880.48999999915
1052976,97209,OCCASION,OR,105880.48999999915
1052978,97035,BOOK,OR,105880.48999999915
1052993,97068,ARTWORK,OR,105880.48999999915
1053139,97206,BOOK,OR,105880.48999999915
1053270,97214,BOOK,OR,105880.48999999915
1053322,97034,BOOK,OR,105880.48999999915
1053367,97005,BOOK,OR,105880.48999999915
1053600,97218,OCCASION,OR,105880.48999999915
1053601,97302,ARTWORK,OR,105880.48999999915
1053850,97212,ARTWORK,OR,105880.48999999915
1054453,97006,ARTWORK,OR,105880.48999999915
1055240,97229,BOOK,OR,105880.48999999915
1055342,97206,BOOK,OR,105880.48999999915
1055343,97206,BOOK,OR,105880.48999999915
1055587,97229,OCCASION,OR,105880.48999999915
1055588,97229,ARTWORK,OR,105880.48999999915
1055724,97202,ARTWORK,OR,105880.48999999915
1055855,97201,BOOK,OR,105880.48999999915
1055986,97068,BOOK,OR,105880.48999999915
1056214,97403,OCCASION,OR,105880.48999999915
1056256,97520,BOOK,OR,105880.48999999915
1056736,97212,ARTWORK,OR,105880.48999999915
1056844,97219,BOOK,OR,105880.48999999915
1056877,97302,OCCASION,OR,105880.48999999915
1057166,97005,BOOK,OR,105880.48999999915
1057318,97477,OCCASION,OR,105880.48999999915
1057319,97477,OCCASION,OR,105880.48999999915
1057375,97201,BOOK,OR,105880.48999999915
1057765,97008,BOOK,OR,105880.48999999915
1057863,97209,BOOK,OR,105880.48999999915
1057936,97211,CALENDAR,OR,105880.48999999915
1058018,97223,BOOK,OR,105880.48999999915
1058053,97034,OCCASION,OR,105880.48999999915
1058054,97034,OCCASION,OR,105880.48999999915
1058692,97201,ARTWORK,OR,105880.48999999915
1058998,97333,BOOK,OR,105880.48999999915
1059209,97330,OCCASION,OR,105880.48999999915
1059219,97138,CALENDAR,OR,105880.48999999915
1059475,97212,CALENDAR,OR,105880.48999999915
1060121,97224,OCCASION,OR,105880.48999999915
1060222,97501,BOOK,OR,105880.48999999915
1060277,97333,BOOK,OR,105880.48999999915
1060519,97225,OCCASION,OR,105880.48999999915
1060744,97205,BOOK,OR,105880.48999999915
1060797,97205,BOOK,OR,105880.48999999915
1060798,97205,BOOK,OR,105880.48999999915
1060806,97221,ARTWORK,OR,105880.48999999915
1060821,97205,BOOK,OR,105880.48999999915
1060822,97205,BOOK,OR,105880.48999999915
1060823,97205,BOOK,OR,105880.48999999915
1060824,97205,BOOK,OR,105880.48999999915
1061292,97225,OCCASION,OR,105880.48999999915
1061550,97403,ARTWORK,OR,105880.48999999915
1061737,97217,BOOK,OR,105880.48999999915
1061773,97504,BOOK,OR,105880.48999999915
1061879,97520,ARTWORK,OR,105880.48999999915
1061915,97210,BOOK,OR,105880.48999999915
1061978,97035,CALENDAR,OR,105880.48999999915
1061979,97035,CALENDAR,OR,105880.48999999915
1062249,97202,BOOK,OR,105880.48999999915
1062401,97201,BOOK,OR,105880.48999999915
1062522,97403,BOOK,OR,105880.48999999915
1062723,97219,BOOK,OR,105880.48999999915
1062914,97212,ARTWORK,OR,105880.48999999915
1062989,97034,APPAREL,OR,105880.48999999915
1063277,97205,BOOK,OR,105880.48999999915
1063294,97219,CALENDAR,OR,105880.48999999915
1063753,97201,ARTWORK,OR,105880.48999999915
1063986,97229,BOOK,OR,105880.48999999915
1063993,97210,CALENDAR,OR,105880.48999999915
1063994,97210,CALENDAR,OR,105880.48999999915
1063998,97219,BOOK,OR,105880.48999999915
1063999,97219,BOOK,OR,105880.48999999915
1064185,97219,BOOK,OR,105880.48999999915
1064198,97035,BOOK,OR,105880.48999999915
1064806,97214,BOOK,OR,105880.48999999915
1064860,97231,OCCASION,OR,105880.48999999915
1065253,97212,ARTWORK,OR,105880.48999999915
1065345,97201,CALENDAR,OR,105880.48999999915
1065408,97205,ARTWORK,OR,105880.48999999915
1065415,97367,BOOK,OR,105880.48999999915
1065453,97231,OCCASION,OR,105880.48999999915
1066029,97225,OCCASION,OR,105880.48999999915
1066030,97225,OCCASION,OR,105880.48999999915
1066031,97225,OTHER,OR,105880.48999999915
1066221,97201,OCCASION,OR,105880.48999999915
1066222,97201,OCCASION,OR,105880.48999999915
1066264,97212,CALENDAR,OR,105880.48999999915
1066548,97068,ARTWORK,OR,105880.48999999915
1066634,97202,ARTWORK,OR,105880.48999999915
1066689,97501,BOOK,OR,105880.48999999915
1066896,97224,BOOK,OR,105880.48999999915
1067469,97202,BOOK,OR,105880.48999999915
1067470,97202,BOOK,OR,105880.48999999915
1067496,97206,BOOK,OR,105880.48999999915
1067640,97201,BOOK,OR,105880.48999999915
1067836,97201,BOOK,OR,105880.48999999915
1068250,97201,ARTWORK,OR,105880.48999999915
1068251,97201,ARTWORK,OR,105880.48999999915
1068801,97405,CALENDAR,OR,105880.48999999915
1068876,97225,BOOK,OR,105880.48999999915
1069489,97520,BOOK,OR,105880.48999999915
1069544,97520,CALENDAR,OR,105880.48999999915
1069646,97201,BOOK,OR,105880.48999999915
1069647,97201,BOOK,OR,105880.48999999915
1069648,97201,BOOK,OR,105880.48999999915
1069705,97015,BOOK,OR,105880.48999999915
1069740,97330,BOOK,OR,105880.48999999915
1069741,97330,BOOK,OR,105880.48999999915
1069742,97330,BOOK,OR,105880.48999999915
1069894,97222,ARTWORK,OR,105880.48999999915
1069974,97210,OCCASION,OR,105880.48999999915
1070062,97008,OCCASION,OR,105880.48999999915
1070134,97201,BOOK,OR,105880.48999999915
1070322,97405,OCCASION,OR,105880.48999999915
1070323,97405,BOOK,OR,105880.48999999915
1070462,97204,ARTWORK,OR,105880.48999999915
1070564,97405,BOOK,OR,105880.48999999915
1070565,97405,BOOK,OR,105880.48999999915
1070589,97215,BOOK,OR,105880.48999999915
1070715,97221,BOOK,OR,105880.48999999915
1071151,97202,BOOK,OR,105880.48999999915
1071271,97034,BOOK,OR,105880.48999999915
1072192,97219,BOOK,OR,105880.48999999915
1072534,97225,BOOK,OR,105880.48999999915
1072597,97202,CALENDAR,OR,105880.48999999915
1072769,94727,ARTWORK,OR,105880.48999999915
1073245,97331,BOOK,OR,105880.48999999915
1073284,97149,APPAREL,OR,105880.48999999915
1073285,97149,APPAREL,OR,105880.48999999915
1073330,97210,BOOK,OR,105880.48999999915
1073331,97210,BOOK,OR,105880.48999999915
1073647,97230,OCCASION,OR,105880.48999999915
1073703,97007,ARTWORK,OR,105880.48999999915
1073987,97210,OCCASION,OR,105880.48999999915
1074335,97219,OCCASION,OR,105880.48999999915
1074742,97381,OCCASION,OR,105880.48999999915
1075298,97008,OCCASION,OR,105880.48999999915
1075643,97219,OCCASION,OR,105880.48999999915
1076211,97210,BOOK,OR,105880.48999999915
1076212,97210,BOOK,OR,105880.48999999915
1076335,97520,APPAREL,OR,105880.48999999915
1076358,97224,OCCASION,OR,105880.48999999915
1076387,97219,ARTWORK,OR,105880.48999999915
1076388,97219,OCCASION,OR,105880.48999999915
1076421,97215,BOOK,OR,105880.48999999915
1076422,97215,BOOK,OR,105880.48999999915
1076429,97214,BOOK,OR,105880.48999999915
1076489,97035,BOOK,OR,105880.48999999915
1076616,97212,BOOK,OR,105880.48999999915
1076617,97212,BOOK,OR,105880.48999999915
1076919,97225,BOOK,OR,105880.48999999915
1076920,97225,GAME,OR,105880.48999999915
1076921,97225,BOOK,OR,105880.48999999915
1076922,97225,BOOK,OR,105880.48999999915
1076923,97225,BOOK,OR,105880.48999999915
1076924,97225,BOOK,OR,105880.48999999915
1077149,97219,ARTWORK,OR,105880.48999999915
1078330,97202,BOOK,OR,105880.48999999915
1078331,97202,BOOK,OR,105880.48999999915
1078404,97034,ARTWORK,OR,105880.48999999915
1078441,97210,BOOK,OR,105880.48999999915
1078442,97210,BOOK,OR,105880.48999999915
1078443,97210,ARTWORK,OR,105880.48999999915
1078444,97210,ARTWORK,OR,105880.48999999915
1078445,97210,BOOK,OR,105880.48999999915
1078446,97210,GAME,OR,105880.48999999915
1079121,97062,ARTWORK,OR,105880.48999999915
1079221,97219,OCCASION,OR,105880.48999999915
1079485,97232,CALENDAR,OR,105880.48999999915
1079500,97128,GAME,OR,105880.48999999915
1079501,97128,GAME,OR,105880.48999999915
1079907,97477,BOOK,OR,105880.48999999915
1079940,97477,BOOK,OR,105880.48999999915
1079941,97477,BOOK,OR,105880.48999999915
1079962,97217,OCCASION,OR,105880.48999999915
1080452,97205,BOOK,OR,105880.48999999915
1080453,97034,GAME,OR,105880.48999999915
1080485,97225,ARTWORK,OR,105880.48999999915
1080486,97225,ARTWORK,OR,105880.48999999915
1080747,97212,ARTWORK,OR,105880.48999999915
1080930,97462,OCCASION,OR,105880.48999999915
1081150,97402,BOOK,OR,105880.48999999915
1081396,97302,OCCASION,OR,105880.48999999915
1081550,97201,BOOK,OR,105880.48999999915
1081583,97201,BOOK,OR,105880.48999999915
1081615,97219,OCCASION,OR,105880.48999999915
1081616,97219,OCCASION,OR,105880.48999999915
1081636,97201,BOOK,OR,105880.48999999915
1081768,97439,OCCASION,OR,105880.48999999915
1081966,97225,ARTWORK,OR,105880.48999999915
1082042,97034,BOOK,OR,105880.48999999915
1082489,97221,ARTWORK,OR,105880.48999999915
1082509,97504,ARTWORK,OR,105880.48999999915
1082557,97212,BOOK,OR,105880.48999999915
1082670,97217,GAME,OR,105880.48999999915
1082683,97229,BOOK,OR,105880.48999999915
1083005,97504,BOOK,OR,105880.48999999915
1083292,97201,BOOK,OR,105880.48999999915
1083294,97520,BOOK,OR,105880.48999999915
1083345,97209,ARTWORK,OR,105880.48999999915
1083394,97221,ARTWORK,OR,105880.48999999915
1083395,97221,ARTWORK,OR,105880.48999999915
1083515,97212,APPAREL,OR,105880.48999999915
1083975,97302,ARTWORK,OR,105880.48999999915
1083976,97302,ARTWORK,OR,105880.48999999915
1083977,97302,OCCASION,OR,105880.48999999915
1084057,97330,BOOK,OR,105880.48999999915
1084090,97219,BOOK,OR,105880.48999999915
1084091,97219,BOOK,OR,105880.48999999915
1084092,97219,BOOK,OR,105880.48999999915
1084104,97403,BOOK,OR,105880.48999999915
1084237,97201,ARTWORK,OR,105880.48999999915
1084279,97035,BOOK,OR,105880.48999999915
1084318,97232,OCCASION,OR,105880.48999999915
1084319,97232,ARTWORK,OR,105880.48999999915
1084465,97212,ARTWORK,OR,105880.48999999915
1084836,97201,BOOK,OR,105880.48999999915
1085606,97424,OCCASION,OR,105880.48999999915
1085649,97202,BOOK,OR,105880.48999999915
1085770,97403,OCCASION,OR,105880.48999999915
1085798,97214,OCCASION,OR,105880.48999999915
1086018,97124,OTHER,OR,105880.48999999915
1086536,97006,ARTWORK,OR,105880.48999999915
1086771,97232,BOOK,OR,105880.48999999915
1086772,97232,BOOK,OR,105880.48999999915
1086773,97232,BOOK,OR,105880.48999999915
1086774,97232,BOOK,OR,105880.48999999915
1087518,97202,BOOK,OR,105880.48999999915
1087519,97202,OTHER,OR,105880.48999999915
1087520,97202,GAME,OR,105880.48999999915
1087521,97202,BOOK,OR,105880.48999999915
1087817,97070,OCCASION,OR,105880.48999999915
1087983,97205,BOOK,OR,105880.48999999915
1088064,97034,ARTWORK,OR,105880.48999999915
1088065,97034,OCCASION,OR,105880.48999999915
1088315,97219,BOOK,OR,105880.48999999915
1088322,97202,BOOK,OR,105880.48999999915
1088484,97401,OCCASION,OR,105880.48999999915
1089112,97210,BOOK,OR,105880.48999999915
1089637,97070,OCCASION,OR,105880.48999999915
1090085,97520,OCCASION,OR,105880.48999999915
1090146,97520,BOOK,OR,105880.48999999915
1090261,97229,BOOK,OR,105880.48999999915
1090320,97225,BOOK,OR,105880.48999999915
1090641,97222,BOOK,OR,105880.48999999915
1090642,97222,BOOK,OR,105880.48999999915
1090643,97222,BOOK,OR,105880.48999999915
1090644,97222,BOOK,OR,105880.48999999915
1090645,97222,BOOK,OR,105880.48999999915
1090665,97080,APPAREL,OR,105880.48999999915
1090694,97068,OCCASION,OR,105880.48999999915
1090972,97209,BOOK,OR,105880.48999999915
1091509,97708,BOOK,OR,105880.48999999915
1091510,97708,BOOK,OR,105880.48999999915
1092461,97230,OCCASION,OR,105880.48999999915
1092588,97062,APPAREL,OR,105880.48999999915
1092892,97210,BOOK,OR,105880.48999999915
1093091,97216,BOOK,OR,105880.48999999915
1093237,97330,BOOK,OR,105880.48999999915
1093403,97123,CALENDAR,OR,105880.48999999915
1093632,97213,BOOK,OR,105880.48999999915
1093633,97213,BOOK,OR,105880.48999999915
1093634,97213,BOOK,OR,105880.48999999915
1093640,97213,APPAREL,OR,105880.48999999915
1093658,97231,BOOK,OR,105880.48999999915
1093693,97232,BOOK,OR,105880.48999999915
1093694,97232,BOOK,OR,105880.48999999915
1093695,97232,BOOK,OR,105880.48999999915
1093696,97232,BOOK,OR,105880.48999999915
1093697,97232,BOOK,OR,105880.48999999915
1093765,97212,BOOK,OR,105880.48999999915
1094294,97221,OCCASION,OR,105880.48999999915
1094375,97405,OCCASION,OR,105880.48999999915
1094606,97045,BOOK,OR,105880.48999999915
1094607,97045,BOOK,OR,105880.48999999915
1095207,97219,CALENDAR,OR,105880.48999999915
1095591,97210,OCCASION,OR,105880.48999999915
1096365,97219,OCCASION,OR,105880.48999999915
1096399,97401,BOOK,OR,105880.48999999915
1096407,97225,OCCASION,OR,105880.48999999915
1096434,97210,BOOK,OR,105880.48999999915
1096536,97306,ARTWORK,OR,105880.48999999915
1096785,97035,BOOK,OR,105880.48999999915
1096786,97035,OCCASION,OR,105880.48999999915
1096854,97210,BOOK,OR,105880.48999999915
1096857,97229,BOOK,OR,105880.48999999915
1097096,97239,ARTWORK,OR,105880.48999999915
1097097,97239,ARTWORK,OR,105880.48999999915
1097187,97006,APPAREL,OR,105880.48999999915
1097312,97138,GAME,OR,105880.48999999915
1097349,97229,OCCASION,OR,105880.48999999915
1097364,97211,GAME,OR,105880.48999999915
1097458,97405,BOOK,OR,105880.48999999915
1097462,97115,GAME,OR,105880.48999999915
1097696,97759,GAME,OR,105880.48999999915
1097854,97229,BOOK,OR,105880.48999999915
1097964,97201,BOOK,OR,105880.48999999915
1097997,97212,BOOK,OR,105880.48999999915
1098186,97405,BOOK,OR,105880.48999999915
1098232,97219,BOOK,OR,105880.48999999915
1098234,97202,BOOK,OR,105880.48999999915
1098286,97209,GAME,OR,105880.48999999915
1098363,97229,BOOK,OR,105880.48999999915
1098638,97405,BOOK,OR,105880.48999999915
1098946,97214,CALENDAR,OR,105880.48999999915
1098959,97202,BOOK,OR,105880.48999999915
1099068,97304,BOOK,OR,105880.48999999915
1099104,97221,BOOK,OR,105880.48999999915
1099105,97221,BOOK,OR,105880.48999999915
1099302,97405,BOOK,OR,105880.48999999915
1099514,97205,BOOK,OR,105880.48999999915
1099566,97229,APPAREL,OR,105880.48999999915
1099828,97206,OCCASION,OR,105880.48999999915
1099829,97206,CALENDAR,OR,105880.48999999915
1099897,97217,ARTWORK,OR,105880.48999999915
1100105,97034,BOOK,OR,105880.48999999915
1100281,97006,ARTWORK,OR,105880.48999999915
1100297,97229,OCCASION,OR,105880.48999999915
1100524,97201,OCCASION,OR,105880.48999999915
1100574,97405,CALENDAR,OR,105880.48999999915
1100867,97225,GAME,OR,105880.48999999915
1100868,97225,GAME,OR,105880.48999999915
1100973,97225,BOOK,OR,105880.48999999915
1100995,97330,BOOK,OR,105880.48999999915
1101070,97330,BOOK,OR,105880.48999999915
1101191,97239,GAME,OR,105880.48999999915
1101192,97239,GAME,OR,105880.48999999915
1101459,97201,BOOK,OR,105880.48999999915
1101559,97035,BOOK,OR,105880.48999999915
1101823,97219,BOOK,OR,105880.48999999915
1101989,97210,OCCASION,OR,105880.48999999915
1102149,97035,BOOK,OR,105880.48999999915
1102187,97213,BOOK,OR,105880.48999999915
1102235,97225,BOOK,OR,105880.48999999915
1102436,97504,APPAREL,OR,105880.48999999915
1102614,97209,ARTWORK,OR,105880.48999999915
1102615,97209,ARTWORK,OR,105880.48999999915
1102733,97213,OCCASION,OR,105880.48999999915
1102794,97376,ARTWORK,OR,105880.48999999915
1102861,97209,BOOK,OR,105880.48999999915
1102980,97501,BOOK,OR,105880.48999999915
1103146,97035,OCCASION,OR,105880.48999999915
1103339,97035,OCCASION,OR,105880.48999999915
1103682,97213,CALENDAR,OR,105880.48999999915
1103683,97213,CALENDAR,OR,105880.48999999915
1103716,97204,OCCASION,OR,105880.48999999915
1103780,97202,APPAREL,OR,105880.48999999915
1103824,97225,BOOK,OR,105880.48999999915
1103825,97225,BOOK,OR,105880.48999999915
1103826,97225,BOOK,OR,105880.48999999915
1104317,97201,BOOK,OR,105880.48999999915
1104451,97201,OCCASION,OR,105880.48999999915
1104525,97221,BOOK,OR,105880.48999999915
1104931,97219,BOOK,OR,105880.48999999915
1105016,97232,ARTWORK,OR,105880.48999999915
1105159,97370,BOOK,OR,105880.48999999915
1105160,97370,BOOK,OR,105880.48999999915
1105353,97204,BOOK,OR,105880.48999999915
1105366,97377,BOOK,OR,105880.48999999915
1105494,97219,BOOK,OR,105880.48999999915
1105633,97221,OCCASION,OR,105880.48999999915
1106030,97520,ARTWORK,OR,105880.48999999915
1106208,97068,BOOK,OR,105880.48999999915
1106234,97296,ARTWORK,OR,105880.48999999915
1106276,97477,OCCASION,OR,105880.48999999915
1106429,97219,BOOK,OR,105880.48999999915
1106430,97219,BOOK,OR,105880.48999999915
1106431,97219,BOOK,OR,105880.48999999915
1106432,97219,BOOK,OR,105880.48999999915
1106433,97219,OTHER,OR,105880.48999999915
1106599,97405,BOOK,OR,105880.48999999915
1106600,97405,BOOK,OR,105880.48999999915
1106601,97405,BOOK,OR,105880.48999999915
1106602,97405,APPAREL,OR,105880.48999999915
1106717,97209,GAME,OR,105880.48999999915
1106752,97759,GAME,OR,105880.48999999915
1106817,97420,GAME,OR,105880.48999999915
1106818,97420,GAME,OR,105880.48999999915
1107189,97204,BOOK,OR,105880.48999999915
1107197,97034,ARTWORK,OR,105880.48999999915
1107251,97365,OCCASION,OR,105880.48999999915
1107252,97365,OTHER,OR,105880.48999999915
1107716,97217,OCCASION,OR,105880.48999999915
1107754,97333,BOOK,OR,105880.48999999915
1107755,97333,BOOK,OR,105880.48999999915
1107877,97219,BOOK,OR,105880.48999999915
1108267,97138,CALENDAR,OR,105880.48999999915
1108614,97201,BOOK,OR,105880.48999999915
1108652,97403,BOOK,OR,105880.48999999915
1108800,97070,BOOK,OR,105880.48999999915
1108863,97266,OCCASION,OR,105880.48999999915
1108864,97266,APPAREL,OR,105880.48999999915
1109126,97006,OCCASION,OR,105880.48999999915
1109191,97221,BOOK,OR,105880.48999999915
1109289,97214,BOOK,OR,105880.48999999915
1109408,97377,BOOK,OR,105880.48999999915
1109686,97215,OCCASION,OR,105880.48999999915
1109933,97404,ARTWORK,OR,105880.48999999915
1110058,97211,BOOK,OR,105880.48999999915
1110113,97401,ARTWORK,OR,105880.48999999915
1110138,97209,BOOK,OR,105880.48999999915
1110153,97301,BOOK,OR,105880.48999999915
1110237,97520,CALENDAR,OR,105880.48999999915
1110553,97330,BOOK,OR,105880.48999999915
1110654,97405,BOOK,OR,105880.48999999915
1110655,97405,BOOK,OR,105880.48999999915
1111004,97403,BOOK,OR,105880.48999999915
1111047,97211,BOOK,OR,105880.48999999915
1111110,97225,BOOK,OR,105880.48999999915
1111314,97338,APPAREL,OR,105880.48999999915
1111459,97211,ARTWORK,OR,105880.48999999915
1111492,97520,BOOK,OR,105880.48999999915
1111563,97219,OCCASION,OR,105880.48999999915
1111571,97232,BOOK,OR,105880.48999999915
1111701,97034,OCCASION,OR,105880.48999999915
1111874,97209,BOOK,OR,105880.48999999915
1112129,97701,OCCASION,OR,105880.48999999915
1112552,97229,OCCASION,OR,105880.48999999915
1112748,97420,CALENDAR,OR,105880.48999999915
1112749,97420,OTHER,OR,105880.48999999915
1112950,97034,BOOK,OR,105880.48999999915
1113079,97215,OCCASION,OR,105880.48999999915
1113180,97302,OCCASION,OR,105880.48999999915
1113487,97219,BOOK,OR,105880.48999999915
1113615,97219,BOOK,OR,105880.48999999915
1114009,97035,BOOK,OR,105880.48999999915
1114058,97213,BOOK,OR,105880.48999999915
1114059,97213,BOOK,OR,105880.48999999915
1114777,97210,BOOK,OR,105880.48999999915
1114910,97024,BOOK,OR,105880.48999999915
1115238,97215,BOOK,OR,105880.48999999915
1115349,97221,BOOK,OR,105880.48999999915
1115512,97201,BOOK,OR,105880.48999999915
1115823,97267,BOOK,OR,105880.48999999915
1115883,97219,BOOK,OR,105880.48999999915
1115928,97520,BOOK,OR,105880.48999999915
1116437,97223,BOOK,OR,105880.48999999915
1116487,97023,BOOK,OR,105880.48999999915
1116576,97405,BOOK,OR,105880.48999999915
1116927,97034,OCCASION,OR,105880.48999999915
1117198,97219,OCCASION,OR,105880.48999999915
1117376,97211,BOOK,OR,105880.48999999915
1117394,97219,GAME,OR,105880.48999999915
1117395,97219,GAME,OR,105880.48999999915
1117396,97219,BOOK,OR,105880.48999999915
1117451,97330,GAME,OR,105880.48999999915
1117452,97330,GAME,OR,105880.48999999915
1117465,97230,BOOK,OR,105880.48999999915
1117964,97301,BOOK,OR,105880.48999999915
1117965,97301,BOOK,OR,105880.48999999915
1118002,97232,ARTWORK,OR,105880.48999999915
1118052,97070,OCCASION,OR,105880.48999999915
1118284,97209,BOOK,OR,105880.48999999915
1118319,97202,BOOK,OR,105880.48999999915
1118326,97204,APPAREL,OR,105880.48999999915
1118327,97204,OCCASION,OR,105880.48999999915
1118328,97204,APPAREL,OR,105880.48999999915
1118329,97204,CALENDAR,OR,105880.48999999915
1118330,97204,APPAREL,OR,105880.48999999915
1118623,97224,BOOK,OR,105880.48999999915
1118835,97330,BOOK,OR,105880.48999999915
1118902,97068,ARTWORK,OR,105880.48999999915
1118964,97015,BOOK,OR,105880.48999999915
1119344,97302,OCCASION,OR,105880.48999999915
1119480,97331,BOOK,OR,105880.48999999915
1119533,97124,GAME,OR,105880.48999999915
1119534,97124,GAME,OR,105880.48999999915
1119629,97217,BOOK,OR,105880.48999999915
1119688,97068,BOOK,OR,105880.48999999915
1119809,97210,BOOK,OR,105880.48999999915
1119893,97219,BOOK,OR,105880.48999999915
1119894,97219,BOOK,OR,105880.48999999915
1120002,97217,BOOK,OR,105880.48999999915
1120246,97204,BOOK,OR,105880.48999999915
1120261,97008,BOOK,OR,105880.48999999915
1120281,97219,ARTWORK,OR,105880.48999999915
1120633,97006,BOOK,OR,105880.48999999915
1120994,97309,BOOK,OR,105880.48999999915
1121038,97401,BOOK,OR,105880.48999999915
1121176,97201,BOOK,OR,105880.48999999915
1121241,97035,OCCASION,OR,105880.48999999915
1121326,97201,OCCASION,OR,105880.48999999915
1121348,97219,GAME,OR,105880.48999999915
1121383,97219,GAME,OR,105880.48999999915
1121384,97219,GAME,OR,105880.48999999915
1121385,97219,GAME,OR,105880.48999999915
1122141,97405,OCCASION,OR,105880.48999999915
1122142,97405,OCCASION,OR,105880.48999999915
1122439,97202,ARTWORK,OR,105880.48999999915
1122469,97537,BOOK,OR,105880.48999999915
1122527,97138,ARTWORK,OR,105880.48999999915
1122715,97204,BOOK,OR,105880.48999999915
1122716,97204,GAME,OR,105880.48999999915
1122790,97221,BOOK,OR,105880.48999999915
1122914,97229,BOOK,OR,105880.48999999915
1122915,97229,BOOK,OR,105880.48999999915
1122916,97229,BOOK,OR,105880.48999999915
1122917,97229,BOOK,OR,105880.48999999915
1122938,97229,BOOK,OR,105880.48999999915
1122954,97366,BOOK,OR,105880.48999999915
1123147,97229,BOOK,OR,105880.48999999915
1123154,97239,BOOK,OR,105880.48999999915
1123245,97455,ARTWORK,OR,105880.48999999915
1123414,97402,ARTWORK,OR,105880.48999999915
1124041,97520,BOOK,OR,105880.48999999915
1124501,97239,ARTWORK,OR,105880.48999999915
1124502,97239,ARTWORK,OR,105880.48999999915
1124794,97338,BOOK,OR,105880.48999999915
1125006,97229,BOOK,OR,105880.48999999915
1125164,97219,GAME,OR,105880.48999999915
1125336,97219,GAME,OR,105880.48999999915
1125337,97219,GAME,OR,105880.48999999915
1125364,97034,BOOK,OR,105880.48999999915
1125375,97206,CALENDAR,OR,105880.48999999915
1125622,97035,BOOK,OR,105880.48999999915
1125654,97128,BOOK,OR,105880.48999999915
1125781,97201,OCCASION,OR,105880.48999999915
1125855,97212,BOOK,OR,105880.48999999915
1125875,97201,BOOK,OR,105880.48999999915
1125918,97210,BOOK,OR,105880.48999999915
1125950,97504,BOOK,OR,105880.48999999915
1125982,97202,BOOK,OR,105880.48999999915
1126010,97212,BOOK,OR,105880.48999999915
1126038,97201,BOOK,OR,105880.48999999915
1126097,97520,OCCASION,OR,105880.48999999915
1126288,97302,BOOK,OR,105880.48999999915
1126389,97123,BOOK,OR,105880.48999999915
1126413,97201,BOOK,OR,105880.48999999915
1126535,97210,BOOK,OR,105880.48999999915
1126560,97230,CALENDAR,OR,105880.48999999915
1126582,97219,BOOK,OR,105880.48999999915
1126722,97221,BOOK,OR,105880.48999999915
1126766,97520,OCCASION,OR,105880.48999999915
1126983,97401,BOOK,OR,105880.48999999915
1127296,97201,ARTWORK,OR,105880.48999999915
1127407,97006,BOOK,OR,105880.48999999915
1127506,97056,BOOK,OR,105880.48999999915
1128141,97223,BOOK,OR,105880.48999999915
1128142,97223,BOOK,OR,105880.48999999915
1128663,97333,BOOK,OR,105880.48999999915
1128807,97201,BOOK,OR,105880.48999999915
1128880,97068,GAME,OR,105880.48999999915
1128881,97068,GAME,OR,105880.48999999915
1129028,97214,BOOK,OR,105880.48999999915
1129029,97214,BOOK,OR,105880.48999999915
1129066,97402,BOOK,OR,105880.48999999915
1129147,97229,BOOK,OR,105880.48999999915
1129148,97229,BOOK,OR,105880.48999999915
1129154,97015,BOOK,OR,105880.48999999915
1129156,97219,BOOK,OR,105880.48999999915
1129769,43215,OCCASION,OR,105880.48999999915
1130343,97502,BOOK,OR,105880.48999999915
1130788,97377,BOOK,OR,105880.48999999915
1131150,97229,APPAREL,OR,105880.48999999915
1131151,97229,OTHER,OR,105880.48999999915
1131225,97202,BOOK,OR,105880.48999999915
1131296,97504,BOOK,OR,105880.48999999915
1131297,97504,BOOK,OR,105880.48999999915
1131298,97504,BOOK,OR,105880.48999999915
1131310,97202,BOOK,OR,105880.48999999915
1131416,97401,BOOK,OR,105880.48999999915
1131638,97204,ARTWORK,OR,105880.48999999915
1131653,97301,BOOK,OR,105880.48999999915
1131658,97202,BOOK,OR,105880.48999999915
1131660,97232,CALENDAR,OR,105880.48999999915
1131661,97232,OTHER,OR,105880.48999999915
1131672,97232,BOOK,OR,105880.48999999915
1131880,97128,BOOK,OR,105880.48999999915
1132072,97201,BOOK,OR,105880.48999999915
1132443,97201,CALENDAR,OR,105880.48999999915
1132444,97201,CALENDAR,OR,105880.48999999915
1132459,97068,GAME,OR,105880.48999999915
1132460,97068,GAME,OR,105880.48999999915
1132629,97294,ARTWORK,OR,105880.48999999915
1132637,97330,BOOK,OR,105880.48999999915
1132744,97225,OCCASION,OR,105880.48999999915
1132745,97225,ARTWORK,OR,105880.48999999915
1132848,97202,BOOK,OR,105880.48999999915
1132867,97219,BOOK,OR,105880.48999999915
1132868,97219,BOOK,OR,105880.48999999915
1132904,97035,ARTWORK,OR,105880.48999999915
1133022,97365,OTHER,OR,105880.48999999915
1133053,97223,BOOK,OR,105880.48999999915
1133083,97212,ARTWORK,OR,105880.48999999915
1133115,97330,BOOK,OR,105880.48999999915
1133131,97401,BOOK,OR,105880.48999999915
1133352,97034,BOOK,OR,105880.48999999915
1133583,97124,BOOK,OR,105880.48999999915
1133595,97124,BOOK,OR,105880.48999999915
1133596,97124,BOOK,OR,105880.48999999915
1133706,97504,OCCASION,OR,105880.48999999915
1133859,97035,CALENDAR,OR,105880.48999999915
1133932,97204,OCCASION,OR,105880.48999999915
1133933,97212,BOOK,OR,105880.48999999915
1133953,97402,ARTWORK,OR,105880.48999999915
1134074,97239,BOOK,OR,105880.48999999915
1134075,97239,BOOK,OR,105880.48999999915
1134109,97239,OCCASION,OR,105880.48999999915
1134110,97239,BOOK,OR,105880.48999999915
1134228,97527,BOOK,OR,105880.48999999915
1134263,97702,BOOK,OR,105880.48999999915
1134398,97225,ARTWORK,OR,105880.48999999915
1134850,97330,BOOK,OR,105880.48999999915
1134855,97210,BOOK,OR,105880.48999999915
1134856,97210,BOOK,OR,105880.48999999915
1134857,97210,BOOK,OR,105880.48999999915
1134858,97210,BOOK,OR,105880.48999999915
1135233,97034,BOOK,OR,105880.48999999915
1135277,97306,BOOK,OR,105880.48999999915
1135328,97465,BOOK,OR,105880.48999999915
1135542,97035,BOOK,OR,105880.48999999915
1135670,97035,BOOK,OR,105880.48999999915
1135676,97219,APPAREL,OR,105880.48999999915
1135775,97214,BOOK,OR,105880.48999999915
1135776,97214,BOOK,OR,105880.48999999915
1135931,97302,BOOK,OR,105880.48999999915
1136047,97204,BOOK,OR,105880.48999999915
1136050,97006,OCCASION,OR,105880.48999999915
1136284,97131,BOOK,OR,105880.48999999915
1136363,97405,BOOK,OR,105880.48999999915
1136508,97405,BOOK,OR,105880.48999999915
1136509,97405,BOOK,OR,105880.48999999915
1136614,97221,ARTWORK,OR,105880.48999999915
1137005,97221,APPAREL,OR,105880.48999999915
1137233,97034,ARTWORK,OR,105880.48999999915
1138143,97128,BOOK,OR,105880.48999999915
1138592,97210,BOOK,OR,105880.48999999915
1138626,97210,GAME,OR,105880.48999999915
1138627,97210,BOOK,OR,105880.48999999915
1138781,97405,BOOK,OR,105880.48999999915
1138900,97218,BOOK,OR,105880.48999999915
1138935,97225,APPAREL,OR,105880.48999999915
1139223,97070,BOOK,OR,105880.48999999915
1139306,97215,BOOK,OR,105880.48999999915
1139307,97215,BOOK,OR,105880.48999999915
1139308,97215,BOOK,OR,105880.48999999915
1139309,97215,BOOK,OR,105880.48999999915
1139310,97215,BOOK,OR,105880.48999999915
1139311,97215,BOOK,OR,105880.48999999915
1139312,97215,BOOK,OR,105880.48999999915
1139334,97205,ARTWORK,OR,105880.48999999915
1139491,97302,ARTWORK,OR,105880.48999999915
1139897,97202,BOOK,OR,105880.48999999915
1139943,97208,ARTWORK,OR,105880.48999999915
1139963,97124,OCCASION,OR,105880.48999999915
1140138,97205,BOOK,OR,105880.48999999915
1140181,97227,ARTWORK,OR,105880.48999999915
1140365,97221,ARTWORK,OR,105880.48999999915
1140463,97225,BOOK,OR,105880.48999999915
1140472,97070,BOOK,OR,105880.48999999915
1140557,97302,APPAREL,OR,105880.48999999915
1140558,97302,APPAREL,OR,105880.48999999915
1140692,97210,OCCASION,OR,105880.48999999915
1140709,97302,OTHER,OR,105880.48999999915
1140710,97302,OCCASION,OR,105880.48999999915
1140711,97302,OCCASION,OR,105880.48999999915
1140712,97302,OTHER,OR,105880.48999999915
1140713,97302,BOOK,OR,105880.48999999915
1140820,97403,GAME,OR,105880.48999999915
1141013,97201,ARTWORK,OR,105880.48999999915
1141014,97201,ARTWORK,OR,105880.48999999915
1141222,97224,BOOK,OR,105880.48999999915
1141250,97225,BOOK,OR,105880.48999999915
1141393,97056,BOOK,OR,105880.48999999915
1141394,97056,BOOK,OR,105880.48999999915
1141395,97056,BOOK,OR,105880.48999999915
1141699,97223,ARTWORK,OR,105880.48999999915
1141743,97215,BOOK,OR,105880.48999999915
1141796,97201,GAME,OR,105880.48999999915
1141905,97008,BOOK,OR,105880.48999999915
1142004,97218,BOOK,OR,105880.48999999915
1142421,97477,APPAREL,OR,105880.48999999915
1142823,97116,CALENDAR,OR,105880.48999999915
1143048,97035,BOOK,OR,105880.48999999915
1143071,97214,BOOK,OR,105880.48999999915
1143181,97405,BOOK,OR,105880.48999999915
1143272,97266,OCCASION,OR,105880.48999999915
1143852,97224,BOOK,OR,105880.48999999915
1144167,97219,BOOK,OR,105880.48999999915
1144168,97219,BOOK,OR,105880.48999999915
1144314,97007,BOOK,OR,105880.48999999915
1144315,97007,BOOK,OR,105880.48999999915
1144379,97005,GAME,OR,105880.48999999915
1144380,97005,GAME,OR,105880.48999999915
1144574,97330,OCCASION,OR,105880.48999999915
1144661,97302,BOOK,OR,105880.48999999915
1144686,97219,BOOK,OR,105880.48999999915
1144738,97330,BOOK,OR,105880.48999999915
1144826,97224,BOOK,OR,105880.48999999915
1144959,97201,ARTWORK,OR,105880.48999999915
1145136,97114,GAME,OR,105880.48999999915
1145247,97229,ARTWORK,OR,105880.48999999915
1145370,97229,OCCASION,OR,105880.48999999915
1145371,97229,CALENDAR,OR,105880.48999999915
1145815,97239,OCCASION,OR,105880.48999999915
1145925,97267,GAME,OR,105880.48999999915
1145952,97220,OCCASION,OR,105880.48999999915
1146034,97006,BOOK,OR,105880.48999999915
1146035,97006,BOOK,OR,105880.48999999915
1146047,97006,BOOK,OR,105880.48999999915
1146048,97006,BOOK,OR,105880.48999999915
1146049,97006,BOOK,OR,105880.48999999915
1146050,97006,BOOK,OR,105880.48999999915
1146127,97210,BOOK,OR,105880.48999999915
1146263,97330,GAME,OR,105880.48999999915
1146305,97034,OCCASION,OR,105880.48999999915
1146411,97015,ARTWORK,OR,105880.48999999915
1146512,97225,BOOK,OR,105880.48999999915
1146961,97219,BOOK,OR,105880.48999999915
1147357,97224,ARTWORK,OR,105880.48999999915
1150061,97210,BOOK,OR,105880.48999999915
1150107,97209,APPAREL,OR,105880.48999999915
1150321,97070,BOOK,OR,105880.48999999915
1151156,97231,APPAREL,OR,105880.48999999915
1151266,97232,BOOK,OR,105880.48999999915
1151326,97370,BOOK,OR,105880.48999999915
1151411,97405,BOOK,OR,105880.48999999915
1151412,97405,BOOK,OR,105880.48999999915
1151572,97068,OCCASION,OR,105880.48999999915
1151696,97225,OCCASION,OR,105880.48999999915
1151708,97225,BOOK,OR,105880.48999999915
1151709,97225,BOOK,OR,105880.48999999915
1151926,97060,BOOK,OR,105880.48999999915
1152000,97239,GAME,OR,105880.48999999915
1152118,97232,BOOK,OR,105880.48999999915
1152168,97222,APPAREL,OR,105880.48999999915
1152240,97708,BOOK,OR,105880.48999999915
1152420,97306,OCCASION,OR,105880.48999999915
1152609,97035,ARTWORK,OR,105880.48999999915
1152700,97070,ARTWORK,OR,105880.48999999915
1152760,97068,APPAREL,OR,105880.48999999915
1152783,97068,APPAREL,OR,105880.48999999915
1152784,97068,APPAREL,OR,105880.48999999915
1152922,97223,OCCASION,OR,105880.48999999915
1153088,97210,OCCASION,OR,105880.48999999915
1153298,97034,OCCASION,OR,105880.48999999915
1153388,97068,OCCASION,OR,105880.48999999915
1153473,97520,OCCASION,OR,105880.48999999915
1153474,97520,OCCASION,OR,105880.48999999915
1153475,97520,ARTWORK,OR,105880.48999999915
1153639,97520,BOOK,OR,105880.48999999915
1153850,97212,ARTWORK,OR,105880.48999999915
1154496,97205,BOOK,OR,105880.48999999915
1154532,97214,OCCASION,OR,105880.48999999915
1154690,97520,BOOK,OR,105880.48999999915
1154975,97202,OCCASION,OR,105880.48999999915
1155134,97239,OCCASION,OR,105880.48999999915
1155340,97204,BOOK,OR,105880.48999999915
1155447,97401,GAME,OR,105880.48999999915
1155584,97007,OCCASION,OR,105880.48999999915
1155838,97401,OCCASION,OR,105880.48999999915
1156014,97229,OCCASION,OR,105880.48999999915
1156016,97214,ARTWORK,OR,105880.48999999915
1157412,97455,OCCASION,OR,105880.48999999915
1157532,97756,OCCASION,OR,105880.48999999915
1157566,97202,BOOK,OR,105880.48999999915
1157641,97206,BOOK,OR,105880.48999999915
1157772,97206,ARTWORK,OR,105880.48999999915
1157773,97206,ARTWORK,OR,105880.48999999915
1157845,97034,GAME,OR,105880.48999999915
1157846,97034,GAME,OR,105880.48999999915
1157890,97124,GAME,OR,105880.48999999915
1158019,97405,OCCASION,OR,105880.48999999915
1158189,97201,OCCASION,OR,105880.48999999915
1158277,97034,OCCASION,OR,105880.48999999915
1158290,97266,BOOK,OR,105880.48999999915
1158325,97212,BOOK,OR,105880.48999999915
1158334,97330,BOOK,OR,105880.48999999915
1158355,97232,BOOK,OR,105880.48999999915
1158356,97232,BOOK,OR,105880.48999999915
1158453,97209,OCCASION,OR,105880.48999999915
1158743,97213,GAME,OR,105880.48999999915
1158744,97213,GAME,OR,105880.48999999915
1158745,97213,GAME,OR,105880.48999999915
1158784,97068,BOOK,OR,105880.48999999915
1159020,97070,OCCASION,OR,105880.48999999915
1159069,97205,ARTWORK,OR,105880.48999999915
1159133,97213,APPAREL,OR,105880.48999999915
1159548,97302,OCCASION,OR,105880.48999999915
1159633,97008,ARTWORK,OR,105880.48999999915
1159678,97302,OCCASION,OR,105880.48999999915
1159701,97232,OCCASION,OR,105880.48999999915
1159709,97306,ARTWORK,OR,105880.48999999915
1178158,97229,GAME,OR,105880.48999999915
1178225,97219,GAME,OR,105880.48999999915
1178226,97219,BOOK,OR,105880.48999999915
1178227,97219,BOOK,OR,105880.48999999915
1178228,97219,BOOK,OR,105880.48999999915
1178422,97405,OCCASION,OR,105880.48999999915
1178423,97405,BOOK,OR,105880.48999999915
1179060,97403,BOOK,OR,105880.48999999915
1179173,97138,BOOK,OR,105880.48999999915
1179319,97202,BOOK,OR,105880.48999999915
1179385,97221,APPAREL,OR,105880.48999999915
1179516,97212,APPAREL,OR,105880.48999999915
1179533,97202,APPAREL,OR,105880.48999999915
1179773,97219,APPAREL,OR,105880.48999999915
1179797,97401,APPAREL,OR,105880.48999999915
1179812,97201,APPAREL,OR,105880.48999999915
1179829,97217,APPAREL,OR,105880.48999999915
1179971,97405,APPAREL,OR,105880.48999999915
1179994,97201,APPAREL,OR,105880.48999999915
1180079,97214,APPAREL,OR,105880.48999999915
1180265,97201,APPAREL,OR,105880.48999999915
1180280,97405,APPAREL,OR,105880.48999999915
1180293,97520,APPAREL,OR,105880.48999999915
1180321,97403,APPAREL,OR,105880.48999999915
1180378,97068,APPAREL,OR,105880.48999999915
1180440,97201,APPAREL,OR,105880.48999999915
1180528,97520,APPAREL,OR,105880.48999999915
1180618,97201,APPAREL,OR,105880.48999999915
1180720,97229,APPAREL,OR,105880.48999999915
1181091,97225,BOOK,OR,105880.48999999915
1181146,97603,APPAREL,OR,105880.48999999915
1181267,97202,OCCASION,OR,105880.48999999915
1181336,97214,BOOK,OR,105880.48999999915
1181586,97062,APPAREL,OR,105880.48999999915
1181634,97034,BOOK,OR,105880.48999999915
1181738,97210,BOOK,OR,105880.48999999915
1182036,97070,OCCASION,OR,105880.48999999915
1184494,97330,ARTWORK,OR,105880.48999999915
1184582,97034,APPAREL,OR,105880.48999999915
1184881,97402,APPAREL,OR,105880.48999999915
1184956,97405,APPAREL,OR,105880.48999999915
1185001,97221,APPAREL,OR,105880.48999999915
1185145,97202,APPAREL,OR,105880.48999999915
1185184,97330,APPAREL,OR,105880.48999999915
1185256,97201,APPAREL,OR,105880.48999999915
1185262,97219,APPAREL,OR,105880.48999999915
1185448,97504,APPAREL,OR,105880.48999999915
1185571,97221,APPAREL,OR,105880.48999999915
1185687,97221,BOOK,OR,105880.48999999915
1185805,97520,ARTWORK,OR,105880.48999999915
1185867,97624,APPAREL,OR,105880.48999999915
1185949,97034,APPAREL,OR,105880.48999999915
1186070,97210,BOOK,OR,105880.48999999915
1186071,97210,BOOK,OR,105880.48999999915
1186083,97504,ARTWORK,OR,105880.48999999915
1186088,97232,BOOK,OR,105880.48999999915
1186109,97210,BOOK,OR,105880.48999999915
1186110,97210,BOOK,OR,105880.48999999915
1186170,97201,BOOK,OR,105880.48999999915
1186897,97038,ARTWORK,OR,105880.48999999915
1186999,97306,BOOK,OR,105880.48999999915
1187073,97214,BOOK,OR,105880.48999999915
1187222,97034,ARTWORK,OR,105880.48999999915
1187386,97304,OCCASION,OR,105880.48999999915
1187387,97304,GAME,OR,105880.48999999915
1187548,97701,OCCASION,OR,105880.48999999915
1187637,97530,APPAREL,OR,105880.48999999915
1187645,97330,APPAREL,OR,105880.48999999915
1187852,97520,APPAREL,OR,105880.48999999915
1187961,97210,OCCASION,OR,105880.48999999915
1188079,97231,BOOK,OR,105880.48999999915
1188080,97231,BOOK,OR,105880.48999999915
1188179,97394,BOOK,OR,105880.48999999915
1188213,97501,BOOK,OR,105880.48999999915
1188271,97215,BOOK,OR,105880.48999999915
1190208,97520,APPAREL,OR,105880.48999999915
1191067,97239,ARTWORK,OR,105880.48999999915
1191068,97239,ARTWORK,OR,105880.48999999915
1191069,97239,ARTWORK,OR,105880.48999999915
1191070,97239,ARTWORK,OR,105880.48999999915
1191115,97035,GAME,OR,105880.48999999915
1191235,97405,ARTWORK,OR,105880.48999999915
1191386,97220,OCCASION,OR,105880.48999999915
1191493,97405,GAME,OR,105880.48999999915
1191494,97405,GAME,OR,105880.48999999915
1191969,97030,OCCASION,OR,105880.48999999915
1192322,97477,ARTWORK,OR,105880.48999999915
1192467,97212,BOOK,OR,105880.48999999915
1192490,97223,OCCASION,OR,105880.48999999915
1192673,97210,APPAREL,OR,105880.48999999915
1192757,97330,APPAREL,OR,105880.48999999915
1192787,97330,APPAREL,OR,105880.48999999915
1192825,97212,APPAREL,OR,105880.48999999915
1192921,97140,APPAREL,OR,105880.48999999915
1193034,97520,APPAREL,OR,105880.48999999915
1193307,97030,OCCASION,OR,105880.48999999915
1194072,97520,GAME,OR,105880.48999999915
1194073,97520,BOOK,OR,105880.48999999915
1194074,97520,BOOK,OR,105880.48999999915
1194118,97212,BOOK,OR,105880.48999999915
1194187,97062,ARTWORK,OR,105880.48999999915
1194193,97201,GAME,OR,105880.48999999915
1194246,97015,BOOK,OR,105880.48999999915
1194247,97015,BOOK,OR,105880.48999999915
1194505,97068,GAME,OR,105880.48999999915
1194506,97068,GAME,OR,105880.48999999915
1195154,97225,APPAREL,OR,105880.48999999915
1195239,97405,OCCASION,OR,105880.48999999915
1195240,97405,OCCASION,OR,105880.48999999915
1195266,97203,ARTWORK,OR,105880.48999999915
1195354,97201,OCCASION,OR,105880.48999999915
1195355,97201,OCCASION,OR,105880.48999999915
1195398,97034,OCCASION,OR,105880.48999999915
1195399,97034,BOOK,OR,105880.48999999915
1195400,97034,BOOK,OR,105880.48999999915
1195458,97426,ARTWORK,OR,105880.48999999915
1195459,97426,ARTWORK,OR,105880.48999999915
1195460,97426,ARTWORK,OR,105880.48999999915
1195461,97426,ARTWORK,OR,105880.48999999915
1195462,97426,ARTWORK,OR,105880.48999999915
1197143,97213,CALENDAR,OR,105880.48999999915
1197144,97213,FREEBIE,OR,105880.48999999915
1197229,97213,CALENDAR,OR,105880.48999999915
1197236,97225,APPAREL,OR,105880.48999999915
1198204,97239,BOOK,OR,105880.48999999915
1198205,97239,FREEBIE,OR,105880.48999999915
1198206,97239,FREEBIE,OR,105880.48999999915
1203419,97212,BOOK,OR,105880.48999999915
1203420,97212,GAME,OR,105880.48999999915
1203421,97212,FREEBIE,OR,105880.48999999915
1203422,97212,FREEBIE,OR,105880.48999999915
1203462,97212,GAME,OR,105880.48999999915
1203463,97212,GAME,OR,105880.48999999915
1203464,97212,BOOK,OR,105880.48999999915
1203465,97212,GAME,OR,105880.48999999915
1203466,97212,BOOK,OR,105880.48999999915
1212366,97405,GAME,OR,105880.48999999915
1214380,97367,FREEBIE,OR,105880.48999999915
1214535,97321,OCCASION,OR,105880.48999999915
1214536,97321,FREEBIE,OR,105880.48999999915
1214547,97367,OCCASION,OR,105880.48999999915
1214692,97377,ARTWORK,OR,105880.48999999915
1214693,97377,FREEBIE,OR,105880.48999999915
1214694,97377,ARTWORK,OR,105880.48999999915
1214695,97377,FREEBIE,OR,105880.48999999915
1214924,97034,OCCASION,OR,105880.48999999915
1214988,97034,FREEBIE,OR,105880.48999999915
1215053,97267,OCCASION,OR,105880.48999999915
1215055,97267,FREEBIE,OR,105880.48999999915
1216387,97035,BOOK,OR,105880.48999999915
1216395,97035,FREEBIE,OR,105880.48999999915
1216424,97138,CALENDAR,OR,105880.48999999915
1216425,97138,FREEBIE,OR,105880.48999999915
1218188,97034,GAME,OR,105880.48999999915
1218189,97034,FREEBIE,OR,105880.48999999915
1220690,97124,OCCASION,OR,105880.48999999915
1220691,97124,FREEBIE,OR,105880.48999999915
1222195,97201,OCCASION,OR,105880.48999999915
1222196,97201,FREEBIE,OR,105880.48999999915
1225420,97330,GAME,OR,105880.48999999915
1225421,97330,GAME,OR,105880.48999999915
1225582,97330,GAME,OR,105880.48999999915
1225583,97330,GAME,OR,105880.48999999915
1225584,97330,BOOK,OR,105880.48999999915
1225585,97330,FREEBIE,OR,105880.48999999915
1227177,97140,FREEBIE,OR,105880.48999999915
1227178,97140,APPAREL,OR,105880.48999999915
1227696,97225,ARTWORK,OR,105880.48999999915
1227697,97225,FREEBIE,OR,105880.48999999915
1233189,97224,FREEBIE,OR,105880.48999999915
1233233,97224,BOOK,OR,105880.48999999915
1233498,97016,BOOK,OR,105880.48999999915
1233499,97016,FREEBIE,OR,105880.48999999915
1233624,97201,BOOK,OR,105880.48999999915
1233625,97201,FREEBIE,OR,105880.48999999915
1233668,97034,BOOK,OR,105880.48999999915
1233669,97034,FREEBIE,OR,105880.48999999915
1234116,97330,BOOK,OR,105880.48999999915
1234149,97212,BOOK,OR,105880.48999999915
1235679,97322,OCCASION,OR,105880.48999999915
1235680,97322,FREEBIE,OR,105880.48999999915
1235764,97034,OCCASION,OR,105880.48999999915
1235765,97034,FREEBIE,OR,105880.48999999915
1236112,97034,OTHER,OR,105880.48999999915
1237182,97202,GAME,OR,105880.48999999915
1237183,97202,GAME,OR,105880.48999999915
1237184,97202,FREEBIE,OR,105880.48999999915
1237648,97424,BOOK,OR,105880.48999999915
1237649,97424,GAME,OR,105880.48999999915
1237650,97424,FREEBIE,OR,105880.48999999915
1239633,97124,BOOK,OR,105880.48999999915
1239634,97124,FREEBIE,OR,105880.48999999915
1241173,97213,BOOK,OR,105880.48999999915
1241174,97213,FREEBIE,OR,105880.48999999915
1241175,97213,FREEBIE,OR,105880.48999999915
1241271,97007,OCCASION,OR,105880.48999999915
1241272,97007,OCCASION,OR,105880.48999999915
1241273,97007,FREEBIE,OR,105880.48999999915
1241274,97007,FREEBIE,OR,105880.48999999915
1241324,97520,GAME,OR,105880.48999999915
1241325,97520,FREEBIE,OR,105880.48999999915
1241326,97520,FREEBIE,OR,105880.48999999915
1247266,97035,GAME,OR,105880.48999999915
1247267,97035,GAME,OR,105880.48999999915
1247268,97035,APPAREL,OR,105880.48999999915
1247269,97035,FREEBIE,OR,105880.48999999915
1247270,97035,FREEBIE,OR,105880.48999999915
1247494,97006,FREEBIE,OR,105880.48999999915
1247723,97006,APPAREL,OR,105880.48999999915
1247724,97006,FREEBIE,OR,105880.48999999915
1250305,97006,OCCASION,OR,105880.48999999915
1250337,97006,FREEBIE,OR,105880.48999999915
1250349,97006,FREEBIE,OR,105880.48999999915
1254680,97219,ARTWORK,OR,105880.48999999915
1254681,97219,FREEBIE,OR,105880.48999999915
1254682,97219,FREEBIE,OR,105880.48999999915
1254724,97035,OCCASION,OR,105880.48999999915
1254725,97035,FREEBIE,OR,105880.48999999915
1254726,97035,FREEBIE,OR,105880.48999999915
1256245,97068,OCCASION,OR,105880.48999999915
1256246,97068,FREEBIE,OR,105880.48999999915
1256247,97068,FREEBIE,OR,105880.48999999915
1256335,97210,ARTWORK,OR,105880.48999999915
1256336,97210,FREEBIE,OR,105880.48999999915
1256369,97210,FREEBIE,OR,105880.48999999915
1256481,97213,BOOK,OR,105880.48999999915
1256482,97213,FREEBIE,OR,105880.48999999915
1256483,97213,FREEBIE,OR,105880.48999999915
1256662,97204,FREEBIE,OR,105880.48999999915
1256797,97204,OTHER,OR,105880.48999999915
1261238,97420,FREEBIE,OR,105880.48999999915
1261299,97420,OTHER,OR,105880.48999999915
1261554,97215,OCCASION,OR,105880.48999999915
1261555,97215,FREEBIE,OR,105880.48999999915
1261612,97339,GAME,OR,105880.48999999915
1261613,97339,FREEBIE,OR,105880.48999999915
1264373,97301,ARTWORK,OR,105880.48999999915
1264374,97301,FREEBIE,OR,105880.48999999915
1264426,97204,OTHER,OR,105880.48999999915
1264528,97201,BOOK,OR,105880.48999999915
1264550,97201,BOOK,OR,105880.48999999915
1264551,97201,GAME,OR,105880.48999999915
1264552,97201,FREEBIE,OR,105880.48999999915
1265147,97405,OCCASION,OR,105880.48999999915
1265148,97405,BOOK,OR,105880.48999999915
1265149,97405,BOOK,OR,105880.48999999915
1265150,97405,FREEBIE,OR,105880.48999999915
1265187,97420,OCCASION,OR,105880.48999999915
1265188,97420,FREEBIE,OR,105880.48999999915
1265280,97202,APPAREL,OR,105880.48999999915
1265281,97202,APPAREL,OR,105880.48999999915
1265282,97202,FREEBIE,OR,105880.48999999915
1268176,97402,GAME,OR,105880.48999999915
1268241,97402,GAME,OR,105880.48999999915
1268242,97402,FREEBIE,OR,105880.48999999915
1268274,97405,OCCASION,OR,105880.48999999915
1268275,97405,FREEBIE,OR,105880.48999999915
1268479,97140,ARTWORK,OR,105880.48999999915
1268502,97140,FREEBIE,OR,105880.48999999915
1270111,97215,OCCASION,OR,105880.48999999915
1270122,97215,FREEBIE,OR,105880.48999999915
1270828,97201,BOOK,OR,105880.48999999915
1270856,97201,GAME,OR,105880.48999999915
1270857,97201,BOOK,OR,105880.48999999915
1270894,97201,BOOK,OR,105880.48999999915
1271029,97201,BOOK,OR,105880.48999999915
1271042,97202,GAME,OR,105880.48999999915
1271043,97202,GAME,OR,105880.48999999915
1271044,97202,GAME,OR,105880.48999999915
1271056,97202,FREEBIE,OR,105880.48999999915
1271081,97201,BOOK,OR,105880.48999999915
1271082,97201,BOOK,OR,105880.48999999915
1271083,97201,FREEBIE,OR,105880.48999999915
1271157,97339,GAME,OR,105880.48999999915
1271158,97339,FREEBIE,OR,105880.48999999915
1271159,97339,FREEBIE,OR,105880.48999999915
1273376,97338,GAME,OR,105880.48999999915
1273377,97338,GAME,OR,105880.48999999915
1273378,97338,GAME,OR,105880.48999999915
1273379,97338,FREEBIE,OR,105880.48999999915
1273548,97403,OTHER,OR,105880.48999999915
1273549,97403,FREEBIE,OR,105880.48999999915
1273569,97403,FREEBIE,OR,105880.48999999915
1275158,97212,BOOK,OR,105880.48999999915
1275159,97212,BOOK,OR,105880.48999999915
1275160,97212,BOOK,OR,105880.48999999915
1275161,97212,FREEBIE,OR,105880.48999999915
1275211,97124,OCCASION,OR,105880.48999999915
1275212,97124,FREEBIE,OR,105880.48999999915
1275367,97202,APPAREL,OR,105880.48999999915
1275373,97202,FREEBIE,OR,105880.48999999915
1276152,97201,GAME,OR,105880.48999999915
1276153,97201,FREEBIE,OR,105880.48999999915
1277161,97209,OCCASION,OR,105880.48999999915
1277162,97209,FREEBIE,OR,105880.48999999915
1279333,97218,OTHER,OR,105880.48999999915
1279334,97218,FREEBIE,OR,105880.48999999915
1284253,97203,FREEBIE,OR,105880.48999999915
1284288,97215,OTHER,OR,105880.48999999915
1284289,97215,FREEBIE,OR,105880.48999999915
1284317,97205,CALENDAR,OR,105880.48999999915
1284318,97205,FREEBIE,OR,105880.48999999915
1284547,97239,GAME,OR,105880.48999999915
1284548,97239,FREEBIE,OR,105880.48999999915
1284549,97239,FREEBIE,OR,105880.48999999915
1284741,97229,FREEBIE,OR,105880.48999999915
1284742,97229,FREEBIE,OR,105880.48999999915
1284743,97229,GAME,OR,105880.48999999915
1284777,97403,BOOK,OR,105880.48999999915
1284778,97403,FREEBIE,OR,105880.48999999915
1284779,97227,BOOK,OR,105880.48999999915
1284780,97227,FREEBIE,OR,105880.48999999915
1285114,97203,OTHER,OR,105880.48999999915
1287916,97210,ARTWORK,OR,105880.48999999915
1287917,97210,FREEBIE,OR,105880.48999999915
1290450,97007,BOOK,OR,105880.48999999915
1290451,97007,FREEBIE,OR,105880.48999999915
1290479,97229,BOOK,OR,105880.48999999915
1290480,97229,FREEBIE,OR,105880.48999999915
1290622,97212,GAME,OR,105880.48999999915
1290623,97212,GAME,OR,105880.48999999915
1290624,97212,FREEBIE,OR,105880.48999999915
1290673,97520,GAME,OR,105880.48999999915
1290674,97520,FREEBIE,OR,105880.48999999915
1291094,97219,BOOK,OR,105880.48999999915
1291095,97219,CALENDAR,OR,105880.48999999915
1291096,97219,FREEBIE,OR,105880.48999999915
1292111,97201,BOOK,OR,105880.48999999915
1293126,97007,APPAREL,OR,105880.48999999915
1293127,97007,FREEBIE,OR,105880.48999999915
1295129,97202,APPAREL,OR,105880.48999999915
1295130,97202,ARTWORK,OR,105880.48999999915
1295131,97202,FREEBIE,OR,105880.48999999915
1295215,97520,GAME,OR,105880.48999999915
1295216,97520,FREEBIE,OR,105880.48999999915
1297222,97201,OTHER,OR,105880.48999999915
1297223,97201,BOOK,OR,105880.48999999915
1297224,97201,OCCASION,OR,105880.48999999915
1297395,97403,OCCASION,OR,105880.48999999915
1297398,97201,BOOK,OR,105880.48999999915
1297399,97201,FREEBIE,OR,105880.48999999915
1297400,97201,FREEBIE,OR,105880.48999999915
1297473,97068,BOOK,OR,105880.48999999915
1297508,97701,GAME,OR,105880.48999999915
1297536,97201,OTHER,OR,105880.48999999915
1297541,97701,GAME,OR,105880.48999999915
1299576,97219,BOOK,OR,105880.48999999915
1299577,97219,BOOK,OR,105880.48999999915
1299671,97201,CALENDAR,OR,105880.48999999915
1299701,97219,BOOK,OR,105880.48999999915
1302128,97146,GAME,OR,105880.48999999915
1302129,97146,FREEBIE,OR,105880.48999999915
1303113,97212,ARTWORK,OR,105880.48999999915
1303114,97212,FREEBIE,OR,105880.48999999915
1303346,97239,OCCASION,OR,105880.48999999915
1303411,97301,OCCASION,OR,105880.48999999915
1303436,97405,OCCASION,OR,105880.48999999915
1303437,97405,OCCASION,OR,105880.48999999915
1303491,97202,OCCASION,OR,105880.48999999915
1305371,97201,BOOK,OR,105880.48999999915
1305464,97420,OTHER,OR,105880.48999999915
1307199,97405,OCCASION,OR,105880.48999999915
1309719,97232,OCCASION,OR,105880.48999999915
1309720,97232,FREEBIE,OR,105880.48999999915
1309778,97239,OCCASION,OR,105880.48999999915
1309795,97330,OCCASION,OR,105880.48999999915
1309857,97034,ARTWORK,OR,105880.48999999915
1309858,97034,ARTWORK,OR,105880.48999999915
1309859,97034,ARTWORK,OR,105880.48999999915
1310077,97007,OCCASION,OR,105880.48999999915
1310078,97007,FREEBIE,OR,105880.48999999915
1310083,97202,ARTWORK,OR,105880.48999999915
1310084,97202,FREEBIE,OR,105880.48999999915
1314203,97214,OCCASION,OR,105880.48999999915
1314204,97214,FREEBIE,OR,105880.48999999915
1314225,97034,BOOK,OR,105880.48999999915
1314226,97034,FREEBIE,OR,105880.48999999915
1314507,97056,GAME,OR,105880.48999999915
1314518,97056,BOOK,OR,105880.48999999915
1316157,97202,OCCASION,OR,105880.48999999915
1316271,97239,OCCASION,OR,105880.48999999915
1318113,97224,BOOK,OR,105880.48999999915
1318149,97222,APPAREL,OR,105880.48999999915
1318155,97222,OCCASION,OR,105880.48999999915
1318219,97213,ARTWORK,OR,105880.48999999915
1320120,97497,OCCASION,OR,105880.48999999915
1320144,97200,ARTWORK,OR,105880.48999999915
1320179,97219,BOOK,OR,105880.48999999915
1320180,97219,BOOK,OR,105880.48999999915
1322188,97501,OCCASION,OR,105880.48999999915
1322208,97119,OCCASION,OR,105880.48999999915
1322212,97147,GAME,OR,105880.48999999915
1322280,97201,OCCASION,OR,105880.48999999915
1325200,97034,OCCASION,OR,105880.48999999915
1325233,97221,FREEBIE,OR,105880.48999999915
1325234,97221,BOOK,OR,105880.48999999915
1325296,97219,OCCASION,OR,105880.48999999915
1327207,97219,CALENDAR,OR,105880.48999999915
1327208,97219,CALENDAR,OR,105880.48999999915
1330162,97210,ARTWORK,OR,105880.48999999915
1330230,97210,ARTWORK,OR,105880.48999999915
1330257,97215,BOOK,OR,105880.48999999915
1330301,97239,ARTWORK,OR,105880.48999999915
1331102,97205,ARTWORK,OR,105880.48999999915
1332259,97219,FREEBIE,OR,105880.48999999915
1332260,97219,OCCASION,OR,105880.48999999915
1334156,97211,ARTWORK,OR,105880.48999999915
1334422,97309,GAME,OR,105880.48999999915
1336495,97210,OCCASION,OR,105880.48999999915
1336548,97501,OCCASION,OR,105880.48999999915
1337107,97034,ARTWORK,OR,105880.48999999915
1337108,97034,ARTWORK,OR,105880.48999999915
1337109,97034,ARTWORK,OR,105880.48999999915
1337142,97205,ARTWORK,OR,105880.48999999915
1338107,97225,BOOK,OR,105880.48999999915
1338162,97007,OCCASION,OR,105880.48999999915
1338333,97477,OCCASION,OR,105880.48999999915
1338364,97204,BOOK,OR,105880.48999999915
1340126,97124,OCCASION,OR,105880.48999999915
1340127,97124,BOOK,OR,105880.48999999915
1340128,97124,FREEBIE,OR,105880.48999999915
1340133,97401,ARTWORK,OR,105880.48999999915
1345188,97201,BOOK,OR,105880.48999999915
1353233,97211,GAME,OR,105880.48999999915
1353245,97405,FREEBIE,OR,105880.48999999915
1358120,97209,OCCASION,OR,105880.48999999915
1358121,97209,FREEBIE,OR,105880.48999999915
1360123,97124,BOOK,OR,105880.48999999915
1362197,97239,OCCASION,OR,105880.48999999915
1362198,97239,FREEBIE,OR,105880.48999999915
1363202,97221,BOOK,OR,105880.48999999915
1364139,97520,FREEBIE,OR,105880.48999999915
1364140,97520,GAME,OR,105880.48999999915
1366122,97210,ARTWORK,OR,105880.48999999915
1368107,97232,BOOK,OR,105880.48999999915
1371154,97219,ARTWORK,OR,105880.48999999915
1375113,97232,ARTWORK,OR,105880.48999999915
1377227,97420,ARTWORK,OR,105880.48999999915
1381484,97232,BOOK,OR,105880.48999999915
1383163,97219,FREEBIE,OR,105880.48999999915
1383164,97219,OCCASION,OR,105880.48999999915
1383188,97411,BOOK,OR,105880.48999999915
1383267,97008,GAME,OR,105880.48999999915
1383268,97008,GAME,OR,105880.48999999915
1383269,97008,GAME,OR,105880.48999999915
1383270,97008,GAME,OR,105880.48999999915
1383271,97008,GAME,OR,105880.48999999915
1387252,97303,ARTWORK,OR,105880.48999999915
1389120,97333,APPAREL,OR,105880.48999999915
1389128,97210,BOOK,OR,105880.48999999915
1389129,97210,BOOK,OR,105880.48999999915
1389148,97219,FREEBIE,OR,105880.48999999915
1389149,97219,OCCASION,OR,105880.48999999915
1389150,97219,BOOK,OR,105880.48999999915
1392141,97215,BOOK,OR,105880.48999999915
1392212,97394,GAME,OR,105880.48999999915
1392213,97394,GAME,OR,105880.48999999915
1395173,97405,GAME,OR,105880.48999999915
1395174,97405,GAME,OR,105880.48999999915
1397121,97213,BOOK,OR,105880.48999999915
1402292,97205,OCCASION,OR,105880.48999999915
1406169,97405,ARTWORK,OR,105880.48999999915
1406306,97377,ARTWORK,OR,105880.48999999915
1406307,97377,FREEBIE,OR,105880.48999999915
1410123,97401,BOOK,OR,105880.48999999915
1411127,97239,ARTWORK,OR,105880.48999999915
1411128,97239,ARTWORK,OR,105880.48999999915
1411142,97365,GAME,OR,105880.48999999915
1411143,97365,GAME,OR,105880.48999999915
1414292,97333,ARTWORK,OR,105880.48999999915
1418179,97333,APPAREL,OR,105880.48999999915
1420117,97210,BOOK,OR,105880.48999999915
1420118,97210,BOOK,OR,105880.48999999915
1420191,97221,APPAREL,OR,105880.48999999915
1439120,97219,ARTWORK,OR,105880.48999999915
1439143,97221,BOOK,OR,105880.48999999915
1441102,97209,OCCASION,OR,105880.48999999915
1443242,97520,BOOK,OR,105880.48999999915
1447140,97338,OCCASION,OR,105880.48999999915
1451112,97504,APPAREL,OR,105880.48999999915
1452221,97233,CALENDAR,OR,105880.48999999915
1454181,97212,APPAREL,OR,105880.48999999915
1464271,97401,ARTWORK,OR,105880.48999999915
1466156,97201,BOOK,OR,105880.48999999915
1466157,97201,FREEBIE,OR,105880.48999999915
1466158,97201,FREEBIE,OR,105880.48999999915
1469359,97301,OCCASION,OR,105880.48999999915
1469431,97035,BOOK,OR,105880.48999999915
1469432,97035,FREEBIE,OR,105880.48999999915
1469433,97035,FREEBIE,OR,105880.48999999915
1473384,97201,APPAREL,OR,105880.48999999915
1473455,97210,APPAREL,OR,105880.48999999915
1473463,97206,APPAREL,OR,105880.48999999915
1474052,97401,APPAREL,OR,105880.48999999915
1474053,97401,FREEBIE,OR,105880.48999999915
1474054,97401,FREEBIE,OR,105880.48999999915
1474078,97296,APPAREL,OR,105880.48999999915
1474079,97296,FREEBIE,OR,105880.48999999915
1474080,97296,FREEBIE,OR,105880.48999999915
1474273,97035,OTHER,OR,105880.48999999915
1474274,97035,FREEBIE,OR,105880.48999999915
1474275,97035,FREEBIE,OR,105880.48999999915
1474357,97229,OCCASION,OR,105880.48999999915
1474358,97229,FREEBIE,OR,105880.48999999915
1474359,97229,FREEBIE,OR,105880.48999999915
1476363,97404,APPAREL,OR,105880.48999999915
1476394,97215,APPAREL,OR,105880.48999999915
1476395,97215,APPAREL,OR,105880.48999999915
1476501,97215,FREEBIE,OR,105880.48999999915
1476502,97215,FREEBIE,OR,105880.48999999915
1480178,97213,FREEBIE,OR,105880.48999999915
1480179,97213,FREEBIE,OR,105880.48999999915
1480201,97213,OCCASION,OR,105880.48999999915
1482140,97215,ARTWORK,OR,105880.48999999915
1482508,97202,FREEBIE,OR,105880.48999999915
1482509,97202,FREEBIE,OR,105880.48999999915
1482510,97202,OTHER,OR,105880.48999999915
1483131,97215,APPAREL,OR,105880.48999999915
1486473,97211,OCCASION,OR,105880.48999999915
1486474,97211,FREEBIE,OR,105880.48999999915
1486475,97211,FREEBIE,OR,105880.48999999915
1491310,97221,APPAREL,OR,105880.48999999915
1491311,97221,FREEBIE,OR,105880.48999999915
1491421,97221,FREEBIE,OR,105880.48999999915
1493406,97440,ARTWORK,OR,105880.48999999915
1493407,97440,ARTWORK,OR,105880.48999999915
1495254,97201,OCCASION,OR,105880.48999999915
1495255,97201,FREEBIE,OR,105880.48999999915
1495256,97201,FREEBIE,OR,105880.48999999915
1495257,97201,OCCASION,OR,105880.48999999915
1495258,97201,FREEBIE,OR,105880.48999999915
1495259,97201,FREEBIE,OR,105880.48999999915
1495336,97401,BOOK,OR,105880.48999999915
1495337,97401,BOOK,OR,105880.48999999915
1495338,97401,FREEBIE,OR,105880.48999999915
1495410,97221,ARTWORK,OR,105880.48999999915
1495411,97221,FREEBIE,OR,105880.48999999915
1495412,97221,FREEBIE,OR,105880.48999999915
1497321,97229,ARTWORK,OR,105880.48999999915
1499223,97209,OCCASION,OR,105880.48999999915
1499224,97209,FREEBIE,OR,105880.48999999915
1499225,97209,FREEBIE,OR,105880.48999999915
1499622,97239,OCCASION,OR,105880.48999999915
1499623,97239,OCCASION,OR,105880.48999999915
1499624,97239,FREEBIE,OR,105880.48999999915
1499625,97239,FREEBIE,OR,105880.48999999915
1501413,97402,GAME,OR,105880.48999999915
1501414,97402,FREEBIE,OR,105880.48999999915
1505411,97212,OCCASION,OR,105880.48999999915
1505412,97212,FREEBIE,OR,105880.48999999915
1507111,97214,OCCASION,OR,105880.48999999915
1507112,97214,FREEBIE,OR,105880.48999999915
1507264,97540,OCCASION,OR,105880.48999999915
1507265,97540,FREEBIE,OR,105880.48999999915
1508122,97440,ARTWORK,OR,105880.48999999915
1510143,97322,FREEBIE,OR,105880.48999999915
1510218,97322,BOOK,OR,105880.48999999915
1515142,97225,FREEBIE,OR,105880.48999999915
1515143,97225,BOOK,OR,105880.48999999915
1520142,97209,FREEBIE,OR,105880.48999999915
1520143,97209,GAME,OR,105880.48999999915
1520144,97209,GAME,OR,105880.48999999915
1520145,97209,GAME,OR,105880.48999999915
1522283,97222,FREEBIE,OR,105880.48999999915
1522284,97222,OCCASION,OR,105880.48999999915
1523224,97239,FREEBIE,OR,105880.48999999915
1523225,97239,GAME,OR,105880.48999999915
1523226,97239,GAME,OR,105880.48999999915
1523227,97239,GAME,OR,105880.48999999915
1528117,97239,FREEBIE,OR,105880.48999999915
1530110,97225,FREEBIE,OR,105880.48999999915
1530111,97225,OCCASION,OR,105880.48999999915
1531156,97038,FREEBIE,OR,105880.48999999915
1531208,97038,ARTWORK,OR,105880.48999999915
1533182,97224,FREEBIE,OR,105880.48999999915
1533273,97224,GAME,OR,105880.48999999915
1535134,97219,GAME,OR,105880.48999999915
1535135,97219,GAME,OR,105880.48999999915
1535136,97219,FREEBIE,OR,105880.48999999915
1536165,97068,OCCASION,OR,105880.48999999915
1536166,97068,FREEBIE,OR,105880.48999999915
1540109,97038,ARTWORK,OR,105880.48999999915
1540110,97038,FREEBIE,OR,105880.48999999915
1541264,97402,BOOK,OR,105880.48999999915
1541265,97402,FREEBIE,OR,105880.48999999915
1541386,97128,BOOK,OR,105880.48999999915
1541387,97128,FREEBIE,OR,105880.48999999915
1541410,97035,BOOK,OR,105880.48999999915
1541411,97035,FREEBIE,OR,105880.48999999915
1544191,97140,GAME,OR,105880.48999999915
1544192,97140,GAME,OR,105880.48999999915
1544215,97140,FREEBIE,OR,105880.48999999915
1544253,97303,ARTWORK,OR,105880.48999999915
1544254,97303,ARTWORK,OR,105880.48999999915
1546200,97201,OCCASION,OR,105880.48999999915
1546202,97201,FREEBIE,OR,105880.48999999915
1554147,97210,BOOK,OR,105880.48999999915
1554148,97210,FREEBIE,OR,105880.48999999915
1556345,97357,BOOK,OR,105880.48999999915
1556346,97357,FREEBIE,OR,105880.48999999915
1561186,97404,APPAREL,OR,105880.48999999915
1561187,97404,FREEBIE,OR,105880.48999999915
1562293,97222,OCCASION,OR,105880.48999999915
1562294,97222,FREEBIE,OR,105880.48999999915
1564242,97201,BOOK,OR,105880.48999999915
1564243,97201,FREEBIE,OR,105880.48999999915
1564265,97232,OCCASION,OR,105880.48999999915
1564266,97232,BOOK,OR,105880.48999999915
1564267,97232,BOOK,OR,105880.48999999915
1564268,97232,FREEBIE,OR,105880.48999999915
1564453,97212,BOOK,OR,105880.48999999915
1564454,97212,FREEBIE,OR,105880.48999999915
1564469,97209,BOOK,OR,105880.48999999915
1564470,97209,FREEBIE,OR,105880.48999999915
1572124,97221,OCCASION,OR,105880.48999999915
1572125,97221,FREEBIE,OR,105880.48999999915
1574230,97035,BOOK,OR,105880.48999999915
1574231,97035,FREEBIE,OR,105880.48999999915
1576222,97201,BOOK,OR,105880.48999999915
1576223,97201,FREEBIE,OR,105880.48999999915
1576308,97229,BOOK,OR,105880.48999999915
1576309,97229,FREEBIE,OR,105880.48999999915
1578111,97212,BOOK,OR,105880.48999999915
1578112,97212,BOOK,OR,105880.48999999915
1578113,97212,FREEBIE,OR,105880.48999999915
1579130,97051,BOOK,OR,105880.48999999915
1579131,97051,BOOK,OR,105880.48999999915
1579132,97051,BOOK,OR,105880.48999999915
1579133,97051,FREEBIE,OR,105880.48999999915
1583170,97225,ARTWORK,OR,105880.48999999915
1583245,97225,ARTWORK,OR,105880.48999999915
1583246,97225,FREEBIE,OR,105880.48999999915
1586120,97232,BOOK,OR,105880.48999999915
1586121,97232,FREEBIE,OR,105880.48999999915
1589316,97202,BOOK,OR,105880.48999999915
1589317,97202,FREEBIE,OR,105880.48999999915
1594183,97405,ARTWORK,OR,105880.48999999915
1594188,97405,FREEBIE,OR,105880.48999999915
1596196,97215,BOOK,OR,105880.48999999915
1596197,97215,FREEBIE,OR,105880.48999999915
1604142,97062,BOOK,OR,105880.48999999915
1604143,97062,FREEBIE,OR,105880.48999999915
1604209,97202,BOOK,OR,105880.48999999915
1604210,97202,FREEBIE,OR,105880.48999999915
1607135,97420,BOOK,OR,105880.48999999915
1607136,97420,FREEBIE,OR,105880.48999999915
1610143,97229,OCCASION,OR,105880.48999999915
1610144,97229,ARTWORK,OR,105880.48999999915
1610145,97229,FREEBIE,OR,105880.48999999915
1610245,97007,OCCASION,OR,105880.48999999915
1610246,97007,FREEBIE,OR,105880.48999999915
1610585,97219,OCCASION,OR,105880.48999999915
1610586,97219,FREEBIE,OR,105880.48999999915
1612107,97420,OCCASION,OR,105880.48999999915
1612108,97420,FREEBIE,OR,105880.48999999915
1613260,97225,OCCASION,OR,105880.48999999915
1613261,97225,FREEBIE,OR,105880.48999999915
1616228,97213,OCCASION,OR,105880.48999999915
1616229,97213,FREEBIE,OR,105880.48999999915
1616267,97006,BOOK,OR,105880.48999999915
1616268,97006,BOOK,OR,105880.48999999915
1618261,97035,OCCASION,OR,105880.48999999915
1620151,97520,OCCASION,OR,105880.48999999915
1620152,97520,FREEBIE,OR,105880.48999999915
1621136,97206,GAME,OR,105880.48999999915
1621137,97206,GAME,OR,105880.48999999915
1621138,97206,GAME,OR,105880.48999999915
1621240,97138,APPAREL,OR,105880.48999999915
1621241,97138,APPAREL,OR,105880.48999999915
1622251,97049,ARTWORK,OR,105880.48999999915
1626128,97229,OCCASION,OR,105880.48999999915
1627111,97206,GAME,OR,105880.48999999915
1628113,97239,ARTWORK,OR,105880.48999999915
1628130,97229,ARTWORK,OR,105880.48999999915
1630128,97330,BOOK,OR,105880.48999999915
1630204,97380,BOOK,OR,105880.48999999915
1630208,97239,BOOK,OR,105880.48999999915
1631131,97302,BOOK,OR,105880.48999999915
1631132,97302,BOOK,OR,105880.48999999915
1632145,97209,BOOK,OR,105880.48999999915
1632146,97209,BOOK,OR,105880.48999999915
1637132,97520,BOOK,OR,105880.48999999915
1637169,97330,BOOK,OR,105880.48999999915
1640145,97219,BOOK,OR,105880.48999999915
1640208,97520,BOOK,OR,105880.48999999915
1640346,97219,OCCASION,OR,105880.48999999915
1642115,97131,BOOK,OR,105880.48999999915
1645135,97330,BOOK,OR,105880.48999999915
1645150,97219,BOOK,OR,105880.48999999915
1645238,97215,BOOK,OR,105880.48999999915
1645279,97030,BOOK,OR,105880.48999999915
1645389,97201,CALENDAR,OR,105880.48999999915
1647197,97229,BOOK,OR,105880.48999999915
1647376,97239,BOOK,OR,105880.48999999915
1647392,97330,BOOK,OR,105880.48999999915
1647503,97221,BOOK,OR,105880.48999999915
1647605,97035,GAME,OR,105880.48999999915
1647640,97520,BOOK,OR,105880.48999999915
1647741,97219,CALENDAR,OR,105880.48999999915
1651285,97520,CALENDAR,OR,105880.48999999915
1654201,97214,BOOK,OR,105880.48999999915
1654274,97214,BOOK,OR,105880.48999999915
1655448,97209,GAME,OR,105880.48999999915
1655449,97209,GAME,OR,105880.48999999915
1656107,97229,ARTWORK,OR,105880.48999999915
1657124,97008,APPAREL,OR,105880.48999999915
1657279,97420,GAME,OR,105880.48999999915
1658324,97008,BOOK,OR,105880.48999999915
1658327,97201,BOOK,OR,105880.48999999915
1658425,97128,ARTWORK,OR,105880.48999999915
1658451,97405,BOOK,OR,105880.48999999915
1660108,97202,APPAREL,OR,105880.48999999915
1660172,97408,BOOK,OR,105880.48999999915
1660173,97408,GAME,OR,105880.48999999915
1660174,97408,BOOK,OR,105880.48999999915
1660175,97408,BOOK,OR,105880.48999999915
1660176,97408,GAME,OR,105880.48999999915
1662169,97401,BOOK,OR,105880.48999999915
1662187,97229,ARTWORK,OR,105880.48999999915
1662188,97229,ARTWORK,OR,105880.48999999915
1662259,97103,CALENDAR,OR,105880.48999999915
1664178,97402,BOOK,OR,105880.48999999915
1664179,97402,BOOK,OR,105880.48999999915
1664223,97219,CALENDAR,OR,105880.48999999915
1664224,97219,CALENDAR,OR,105880.48999999915
1669122,97402,OTHER,OR,105880.48999999915
1671221,97440,GAME,OR,105880.48999999915
1671222,97440,GAME,OR,105880.48999999915
1671315,97213,CALENDAR,OR,105880.48999999915
1671316,97213,CALENDAR,OR,105880.48999999915
1671359,97223,GAME,OR,105880.48999999915
1675913,97209,ARTWORK,OR,105880.48999999915
1675914,97209,OCCASION,OR,105880.48999999915
1677160,97403,BOOK,OR,105880.48999999915
1677161,97403,BOOK,OR,105880.48999999915
1678199,97034,ARTWORK,OR,105880.48999999915
1678512,97520,OCCASION,OR,105880.48999999915
1678513,97520,FREEBIE,OR,105880.48999999915
1680107,97034,GAME,OR,105880.48999999915
1680108,97034,GAME,OR,105880.48999999915
1680157,97034,GAME,OR,105880.48999999915
1680158,97034,GAME,OR,105880.48999999915
1681163,97205,BOOK,OR,105880.48999999915
1681523,97202,OCCASION,OR,105880.48999999915
1681524,97202,FREEBIE,OR,105880.48999999915
1681622,97225,OTHER,OR,105880.48999999915
1683218,97239,BOOK,OR,105880.48999999915
1683219,97239,BOOK,OR,105880.48999999915
1683262,97219,GAME,OR,105880.48999999915
1683263,97219,CALENDAR,OR,105880.48999999915
1683390,97239,BOOK,OR,105880.48999999915
1683391,97239,BOOK,OR,105880.48999999915
1685267,97203,CALENDAR,OR,105880.48999999915
1685415,97008,BOOK,OR,105880.48999999915
1685416,97008,BOOK,OR,105880.48999999915
1685539,97229,GAME,OR,105880.48999999915
1687187,97068,BOOK,OR,105880.48999999915
1687188,97068,BOOK,OR,105880.48999999915
1687451,97068,BOOK,OR,105880.48999999915
1687452,97068,BOOK,OR,105880.48999999915
1687533,97211,ARTWORK,OR,105880.48999999915
1687594,97850,OCCASION,OR,105880.48999999915
1687642,97330,APPAREL,OR,105880.48999999915
1689207,97225,BOOK,OR,105880.48999999915
1689208,97225,BOOK,OR,105880.48999999915
1689319,97209,CALENDAR,OR,105880.48999999915
1689320,97209,BOOK,OR,105880.48999999915
1689321,97209,BOOK,OR,105880.48999999915
1689390,97210,BOOK,OR,105880.48999999915
1691214,97214,BOOK,OR,105880.48999999915
1691240,97504,ARTWORK,OR,105880.48999999915
1691256,97239,ARTWORK,OR,105880.48999999915
1691764,97801,BOOK,OR,105880.48999999915
1691914,97477,BOOK,OR,105880.48999999915
1692110,97209,BOOK,OR,105880.48999999915
1692111,97209,CALENDAR,OR,105880.48999999915
1692314,97214,BOOK,OR,105880.48999999915
1692347,97408,CALENDAR,OR,105880.48999999915
1692348,97408,BOOK,OR,105880.48999999915
1695264,97201,BOOK,OR,105880.48999999915
1695281,97232,BOOK,OR,105880.48999999915
1697286,97520,ARTWORK,OR,105880.48999999915
1697352,97403,BOOK,OR,105880.48999999915
1697353,97403,BOOK,OR,105880.48999999915
1699249,97402,GAME,OR,105880.48999999915
1700153,97239,BOOK,OR,105880.48999999915
1701110,97202,ARTWORK,OR,105880.48999999915
1701111,97202,APPAREL,OR,105880.48999999915
1702126,97068,BOOK,OR,105880.48999999915
1713191,97223,CALENDAR,OR,105880.48999999915
1713307,97221,GAME,OR,105880.48999999915
1716220,97221,ARTWORK,OR,105880.48999999915
1716247,97030,ARTWORK,OR,105880.48999999915
1716375,97210,ARTWORK,OR,105880.48999999915
1719126,97212,BOOK,OR,105880.48999999915
1719254,97330,BOOK,OR,105880.48999999915
1719287,97201,ARTWORK,OR,105880.48999999915
1721142,97205,CALENDAR,OR,105880.48999999915
1722109,97201,BOOK,OR,105880.48999999915
1722223,97405,CALENDAR,OR,105880.48999999915
1723149,97408,CALENDAR,OR,105880.48999999915
1723178,97225,BOOK,OR,105880.48999999915
1726112,97209,CALENDAR,OR,105880.48999999915
1736212,97213,GAME,OR,105880.48999999915
1736213,97213,GAME,OR,105880.48999999915
1736214,97213,GAME,OR,105880.48999999915
1736215,97213,GAME,OR,105880.48999999915
1738185,97207,ARTWORK,OR,105880.48999999915
1740132,97219,BOOK,OR,105880.48999999915
1740133,97219,BOOK,OR,105880.48999999915
1744144,97209,CALENDAR,OR,105880.48999999915
1748146,97330,BOOK,OR,105880.48999999915
1750162,97520,OTHER,OR,105880.48999999915
1750163,97520,OTHER,OR,105880.48999999915
1750168,97304,BOOK,OR,105880.48999999915
1753124,97219,ARTWORK,OR,105880.48999999915
1753154,97219,ARTWORK,OR,105880.48999999915
1755228,97520,ARTWORK,OR,105880.48999999915
1756129,97201,BOOK,OR,105880.48999999915
1760127,97754,OTHER,OR,105880.48999999915
1760171,97405,GAME,OR,105880.48999999915
1760172,97405,GAME,OR,105880.48999999915
1761159,97504,BOOK,OR,105880.48999999915
1761174,97201,BOOK,OR,105880.48999999915
1769164,97302,BOOK,OR,105880.48999999915
1774122,97221,OCCASION,OR,105880.48999999915
1774123,97221,FREEBIE,OR,105880.48999999915
1781177,97221,BOOK,OR,105880.48999999915
1781184,97206,ARTWORK,OR,105880.48999999915
1794146,97201,OCCASION,OR,105880.48999999915
1794167,97201,FREEBIE,OR,105880.48999999915
1794228,97232,BOOK,OR,105880.48999999915
1798151,97205,BOOK,OR,105880.48999999915
1800159,97205,OCCASION,OR,105880.48999999915
1800160,97205,FREEBIE,OR,105880.48999999915
1800207,97402,ARTWORK,OR,105880.48999999915
1805133,97266,ARTWORK,OR,105880.48999999915
1813265,97212,ARTWORK,OR,105880.48999999915
1813275,97232,ARTWORK,OR,105880.48999999915
1818214,97205,BOOK,OR,105880.48999999915
1820109,97070,BOOK,OR,105880.48999999915
1820110,97070,BOOK,OR,105880.48999999915
1820111,97070,BOOK,OR,105880.48999999915
1822142,97212,OTHER,OR,105880.48999999915
1823124,97002,BOOK,OR,105880.48999999915
1824165,97219,GAME,OR,105880.48999999915
1824166,97219,GAME,OR,105880.48999999915
1824167,97219,GAME,OR,105880.48999999915
1824187,97367,GAME,OR,105880.48999999915
1824188,97367,GAME,OR,105880.48999999915
1824189,97367,GAME,OR,105880.48999999915
1824291,97070,BOOK,OR,105880.48999999915
1824311,97070,BOOK,OR,105880.48999999915
1834343,97205,BOOK,OR,105880.48999999915
1834367,97402,BOOK,OR,105880.48999999915
1835131,97070,BOOK,OR,105880.48999999915
1836171,97201,BOOK,OR,105880.48999999915
1836205,97201,ARTWORK,OR,105880.48999999915
1839243,97850,GAME,OR,105880.48999999915
1839244,97850,GAME,OR,105880.48999999915
1839245,97850,GAME,OR,105880.48999999915
1839275,97304,OCCASION,OR,105880.48999999915
1839276,97304,FREEBIE,OR,105880.48999999915
1842127,97520,BOOK,OR,105880.48999999915
1848145,97070,APPAREL,OR,105880.48999999915
1848147,97070,APPAREL,OR,105880.48999999915
1851150,97330,BOOK,OR,105880.48999999915
1851181,97035,GAME,OR,105880.48999999915
1853187,97220,OCCASION,OR,105880.48999999915
1853188,97220,FREEBIE,OR,105880.48999999915
1856129,97124,BOOK,OR,105880.48999999915
1858182,97201,GAME,OR,105880.48999999915
1859109,97304,BOOK,OR,105880.48999999915
1859114,97221,GAME,OR,105880.48999999915
1861164,97035,BOOK,OR,105880.48999999915
1869197,97702,BOOK,OR,105880.48999999915
1869212,97439,OCCASION,OR,105880.48999999915
1869213,97439,FREEBIE,OR,105880.48999999915
1871158,97239,GAME,OR,105880.48999999915
1871159,97239,GAME,OR,105880.48999999915
1871164,97381,ARTWORK,OR,105880.48999999915
1871189,97219,GAME,OR,105880.48999999915
1871190,97219,GAME,OR,105880.48999999915
1871191,97219,GAME,OR,105880.48999999915
1874134,97215,ARTWORK,OR,105880.48999999915
1874192,97232,ARTWORK,OR,105880.48999999915
1878117,97603,APPAREL,OR,105880.48999999915
1878123,97201,BOOK,OR,105880.48999999915
1885138,97008,GAME,OR,105880.48999999915
1890121,97477,BOOK,OR,105880.48999999915
1890184,97239,ARTWORK,OR,105880.48999999915
1899136,97070,GAME,OR,105880.48999999915
1899137,97070,GAME,OR,105880.48999999915
1905222,97403,BOOK,OR,105880.48999999915
1905223,97403,BOOK,OR,105880.48999999915
1913128,97212,ARTWORK,OR,105880.48999999915
1913129,97212,ARTWORK,OR,105880.48999999915
1913210,97201,BOOK,OR,105880.48999999915
1913296,97209,CALENDAR,OR,105880.48999999915
1915167,97209,ARTWORK,OR,105880.48999999915
1915168,97209,ARTWORK,OR,105880.48999999915
1915169,97209,ARTWORK,OR,105880.48999999915
1915170,97209,ARTWORK,OR,105880.48999999915
1915171,97209,ARTWORK,OR,105880.48999999915
1915172,97209,ARTWORK,OR,105880.48999999915
1915173,97209,ARTWORK,OR,105880.48999999915
1915275,97405,OTHER,OR,105880.48999999915
1915276,97405,ARTWORK,OR,105880.48999999915
1915298,97212,GAME,OR,105880.48999999915
1915299,97212,BOOK,OR,105880.48999999915
1917213,97405,ARTWORK,OR,105880.48999999915
1917284,97034,CALENDAR,OR,105880.48999999915
1919183,97405,OTHER,OR,105880.48999999915
1919184,97405,ARTWORK,OR,105880.48999999915
1921184,97212,OCCASION,OR,105880.48999999915
1925107,97209,ARTWORK,OR,105880.48999999915
1925108,97209,ARTWORK,OR,105880.48999999915
1925109,97209,ARTWORK,OR,105880.48999999915
1925110,97209,ARTWORK,OR,105880.48999999915
1925111,97212,GAME,OR,105880.48999999915
1926108,97207,BOOK,OR,105880.48999999915
1926239,97202,BOOK,OR,105880.48999999915
1928170,97330,OCCASION,OR,105880.48999999915
1928231,97034,ARTWORK,OR,105880.48999999915
1929148,97212,ARTWORK,OR,105880.48999999915
1929150,97209,ARTWORK,OR,105880.48999999915
1929151,97405,ARTWORK,OR,105880.48999999915
1929157,97405,ARTWORK,OR,105880.48999999915
1930178,97205,BOOK,OR,105880.48999999915
1930181,97215,BOOK,OR,105880.48999999915
1930182,97229,BOOK,OR,105880.48999999915
1930220,97214,OCCASION,OR,105880.48999999915
1930236,97201,OCCASION,OR,105880.48999999915
1934135,97301,OCCASION,OR,105880.48999999915
1934136,97301,FREEBIE,OR,105880.48999999915
1938162,97405,OCCASION,OR,105880.48999999915
1941151,97504,BOOK,OR,105880.48999999915
1941199,97306,BOOK,OR,105880.48999999915
1941200,97301,OCCASION,OR,105880.48999999915
1941226,97212,BOOK,OR,105880.48999999915
1941227,97212,BOOK,OR,105880.48999999915
1943156,97229,OCCASION,OR,105880.48999999915
1943201,97405,OCCASION,OR,105880.48999999915
1945187,97212,OCCASION,OR,105880.48999999915
1945228,97204,OCCASION,OR,105880.48999999915
1945284,97221,OCCASION,OR,105880.48999999915
1945367,97239,OCCASION,OR,105880.48999999915
1945393,97221,OCCASION,OR,105880.48999999915
1945424,97331,OCCASION,OR,105880.48999999915
1954122,97211,OCCASION,OR,105880.48999999915
1959111,97331,OCCASION,OR,105880.48999999915
1976135,97223,OCCASION,OR,105880.48999999915
1977126,97232,FREEBIE,OR,105880.48999999915
1977127,97232,OCCASION,OR,105880.48999999915
1977232,97520,OCCASION,OR,105880.48999999915
1977257,97221,BOOK,OR,105880.48999999915
1977258,97221,BOOK,OR,105880.48999999915
1977296,97221,ARTWORK,OR,105880.48999999915
1985107,97331,BOOK,OR,105880.48999999915
1987137,97209,ARTWORK,OR,105880.48999999915
1987150,97206,ARTWORK,OR,105880.48999999915
1991116,97405,OCCASION,OR,105880.48999999915
1998201,97212,BOOK,OR,105880.48999999915
2000130,97005,OCCASION,OR,105880.48999999915
2001110,97440,ARTWORK,OR,105880.48999999915
2007244,97229,ARTWORK,OR,105880.48999999915
2011117,97212,OCCASION,OR,105880.48999999915
2011118,97212,FREEBIE,OR,105880.48999999915
